"","index","group","gender","AME","sig","AME.low","AME.high","count","fac","index_new","AME.gender","sig.gender","AME.low.gender","AME.high.gender","Female-to-Male.ratio","cohens_d","cliff_delta","margin_text","text.hjust","margin_sig"
"1","cohort","2012","female",0.60463925948906,0,0.602843551915976,0.606434967062144,5,0.833333333333333,"Cohort",0.0129647395996032,4.6638865969077e-23,0.0103951310176672,0.0155343481815392,1.02191194510459,0.0185715179124835,0.0109527591601406,"0.01","-1","***"
"2","cohort","2012","male",0.591674519889457,0,0.589836494680142,0.593512545098772,5,0.833333333333333,"Cohort",0.0129647395996032,4.6638865969077e-23,0.0103951310176672,0.0155343481815392,1.02191194510459,0.0185715179124835,0.0109527591601406,"","0",""
"3","cohort","2013","female",0.75980652685897,0,0.757642802099998,0.761970251617942,5,0.833333333333333,"Cohort",-0.0264277653505114,1.18894518588064e-58,-0.029635418091243,-0.0232201126097798,0.966386908314258,-0.0303265965604534,-0.0051735568066848,"","0",""
"4","cohort","2013","male",0.786234292209481,0,0.78386630715161,0.788602277267353,5,0.833333333333333,"Cohort",-0.0264277653505114,1.18894518588064e-58,-0.029635418091243,-0.0232201126097798,0.966386908314258,-0.0303265965604534,-0.0051735568066848,"-0.03","1","***"
"5","cohort","2014","female",0.954998169466819,0,0.952389998763707,0.957606340169931,5,0.833333333333333,"Cohort",-0.0533827021156643,5.53273053029971e-159,-0.0572765714643601,-0.0494888327669685,0.947060973070731,-0.0504626153151861,-0.0167258100454657,"","0",""
"6","cohort","2014","male",1.00838087158248,0,1.0054895576162,1.01127218554877,5,0.833333333333333,"Cohort",-0.0533827021156643,5.53273053029971e-159,-0.0572765714643601,-0.0494888327669685,0.947060973070731,-0.0504626153151861,-0.0167258100454657,"-0.05","1","***"
"7","cohort","2015","female",1.25709733257079,0,1.25364725273267,1.26054741240891,5,0.833333333333333,"Cohort",0.127136118393642,0,0.122472829420219,0.131799407367066,1.1125137011771,0.100352269025134,0.0424622156661498,"0.13","-1","***"
"8","cohort","2015","male",1.12996121417715,0,1.12682381723426,1.13309861112004,5,0.833333333333333,"Cohort",0.127136118393642,0,0.122472829420219,0.131799407367066,1.1125137011771,0.100352269025134,0.0424622156661498,"","0",""
"9","cohort","2016","female",1.34931905198774,0,1.34566783700538,1.3529702669701,5,0.833333333333333,"Cohort",-0.00695109004752537,0.0092622554327945,-0.0121865736130462,-0.00171560648200454,0.9948748484302,-0.00488704897469444,-0.00486273494157108,"","0",""
"10","cohort","2016","male",1.35627014203526,0,1.35251794590177,1.36002233816876,5,0.833333333333333,"Cohort",-0.00695109004752537,0.0092622554327945,-0.0121865736130462,-0.00171560648200454,0.9948748484302,-0.00488704897469444,-0.00486273494157108,"-0.01","1","***"
"11","discipline_new","Agri","female",1.04704048650165,0,1.04444557981457,1.04963539318873,22,3.66666666666667,"Discipline",-0.0386530374884766,2.51520377330645e-87,-0.0424772581257981,-0.034828816851155,0.964397837295354,-0.0372041395269108,-0.0183417798247971,"","0",""
"12","discipline_new","Agri","male",1.08569352399012,0,1.08288440420194,1.0885026437783,22,3.66666666666667,"Discipline",-0.0386530374884766,2.51520377330645e-87,-0.0424772581257981,-0.034828816851155,0.964397837295354,-0.0372041395269108,-0.0183417798247971,"-0.04","1","***"
"13","discipline_new","Bio","female",1.16675556371152,0,1.1644947559629,1.16901637146013,22,3.66666666666667,"Discipline",-0.0672818421590531,0,-0.0706062441819085,-0.0639574401361976,0.945478279800126,-0.0744963360244992,-0.0446638109462034,"","0",""
"14","discipline_new","Bio","male",1.23403740587057,0,1.23160010803835,1.23647470370279,22,3.66666666666667,"Discipline",-0.0672818421590531,0,-0.0706062441819085,-0.0639574401361976,0.945478279800126,-0.0744963360244992,-0.0446638109462034,"-0.07","1","***"
"15","discipline_new","ChemE","female",0.185112648943238,0,0.184564362157099,0.185660935729377,22,3.66666666666667,"Discipline",-0.0525420854130836,0,-0.053485471059215,-0.0515986997669522,0.77891420696755,-0.205006966476959,-0.0962554256960257,"","0",""
"16","discipline_new","ChemE","male",0.237654734356322,0,0.236887036513996,0.238422432198647,22,3.66666666666667,"Discipline",-0.0525420854130836,0,-0.053485471059215,-0.0515986997669522,0.77891420696755,-0.205006966476959,-0.0962554256960257,"-0.05","1","***"
"17","discipline_new","ChemS","female",0.35351489404341,0,0.35274934370859,0.354280444378231,22,3.66666666666667,"Discipline",0.00286872694279727,2.57235456785956e-07,0.00177746414988056,0.00395998973571399,1.008181258522,0.00967632488783015,0.00414502689427415,"0","-1","***"
"18","discipline_new","ChemS","male",0.350646167100613,0,0.349868484832641,0.351423849368585,22,3.66666666666667,"Discipline",0.00286872694279727,2.57235456785956e-07,0.00177746414988056,0.00395998973571399,1.008181258522,0.00967632488783015,0.00414502689427415,"","0",""
"19","discipline_new","Clinic","female",1.65545015256838,0,1.65195425719455,1.65894604794222,22,3.66666666666667,"Discipline",0.128248279435409,0,0.123450062007998,0.13304649686282,1.08397598358907,0.0983834846755288,0.0526140896511327,"0.13","-1","***"
"20","discipline_new","Clinic","male",1.52720187313297,0,1.52391528597334,1.53048846029261,22,3.66666666666667,"Discipline",0.128248279435409,0,0.123450062007998,0.13304649686282,1.08397598358907,0.0983834846755288,0.0526140896511327,"","0",""
"21","discipline_new","Com","female",0.55047447470114,0,0.548610834402252,0.552338115000028,22,3.66666666666667,"Discipline",0.121104394782901,0,0.118739963293516,0.123468826272285,1.2820513129512,0.188531423351602,0.0599002839429069,"0.12","-1","***"
"22","discipline_new","Com","male",0.42937007991824,0,0.427914953450452,0.430825206386027,22,3.66666666666667,"Discipline",0.121104394782901,0,0.118739963293516,0.123468826272285,1.2820513129512,0.188531423351602,0.0599002839429069,"","0",""
"23","discipline_new","Earth","female",0.652520858751972,0,0.650855437558264,0.654186279945679,22,3.66666666666667,"Discipline",0.0252501549126712,1.26818793140902e-97,0.0228902201536946,0.0276100896716478,1.04025400000052,0.0393835288501994,0.0204670744215858,"0.03","-1","***"
"24","discipline_new","Earth","male",0.6272707038393,0,0.625598676267239,0.628942731411362,22,3.66666666666667,"Discipline",0.0252501549126712,1.26818793140902e-97,0.0228902201536946,0.0276100896716478,1.04025400000052,0.0393835288501994,0.0204670744215858,"","0",""
"25","discipline_new","Econ","female",0.849640482342704,0,0.847424320785061,0.851856643900348,22,3.66666666666667,"Discipline",0.137768779831742,0,0.134832090279193,0.140705469384292,1.19353035012601,0.172680521334902,0.0855027378541683,"0.14","-1","***"
"26","discipline_new","Econ","male",0.711871702510962,0,0.70994484188119,0.713798563140734,22,3.66666666666667,"Discipline",0.137768779831742,0,0.134832090279193,0.140705469384292,1.19353035012601,0.172680521334902,0.0855027378541683,"","0",""
"27","discipline_new","Edu","female",1.25173135707642,0,1.24907798281641,1.25438473133643,22,3.66666666666667,"Discipline",-0.176498567372529,0,-0.180640764725366,-0.172356370019693,0.876421461032874,-0.156841495659181,-0.0809561540410877,"","0",""
"28","discipline_new","Edu","male",1.42822992444895,0,1.42504913200536,1.43141071689253,22,3.66666666666667,"Discipline",-0.176498567372529,0,-0.180640764725366,-0.172356370019693,0.876421461032874,-0.156841495659181,-0.0809561540410877,"-0.18","1","***"
"29","discipline_new","Elec","female",0.118586546422955,0,0.11808857406386,0.119084518782051,22,3.66666666666667,"Discipline",-0.0111411685458421,3.49553379679571e-192,-0.0118794539330181,-0.0104028831586661,0.91411882535261,-0.0555465447671819,-0.0862334553350947,"","0",""
"30","discipline_new","Elec","male",0.129727714968798,0,0.129182655333595,0.130272774604,22,3.66666666666667,"Discipline",-0.0111411685458421,3.49553379679571e-192,-0.0118794539330181,-0.0104028831586661,0.91411882535261,-0.0555465447671819,-0.0862334553350947,"-0.01","1","***"
"31","discipline_new","Health","female",1.87588913985035,0,1.87195144281529,1.87982683688541,22,3.66666666666667,"Discipline",-0.414342771864144,0,-0.420767790741628,-0.40791775298666,0.819082613535866,-0.237375523956461,-0.125041613147785,"","0",""
"32","discipline_new","Health","male",2.2902319117145,0,2.28515495418568,2.29530886924331,22,3.66666666666667,"Discipline",-0.414342771864144,0,-0.420767790741628,-0.40791775298666,0.819082613535866,-0.237375523956461,-0.125041613147785,"-0.41","1","***"
"33","discipline_new","Human","female",0.748386085152706,0,0.746533415785302,0.75023875452011,22,3.66666666666667,"Discipline",-0.134264689940438,0,-0.137262501589706,-0.13126687829117,0.847884697176786,-0.164857248716068,-0.0747171680419785,"","0",""
"34","discipline_new","Human","male",0.882650775093144,0,0.880293974278078,0.88500757590821,22,3.66666666666667,"Discipline",-0.134264689940438,0,-0.137262501589706,-0.13126687829117,0.847884697176786,-0.164857248716068,-0.0747171680419785,"-0.13","1","***"
"35","discipline_new","Mater","female",0.18309286314988,0,0.18260941962193,0.18357630667783,22,3.66666666666667,"Discipline",0.01084063639503,6.23751945722961e-204,0.0101434935153597,0.0115377792747003,1.06293466621165,0.0572378825718965,0.0468080675223412,"0.01","-1","***"
"36","discipline_new","Mater","male",0.17225222675485,0,0.171749940394957,0.172754513114742,22,3.66666666666667,"Discipline",0.01084063639503,6.23751945722961e-204,0.0101434935153597,0.0115377792747003,1.06293466621165,0.0572378825718965,0.0468080675223412,"","0",""
"37","discipline_new","Math","female",0.477053712225316,0,0.475683490720328,0.478423933730303,22,3.66666666666667,"Discipline",-0.0239593612140743,3.22034550882108e-116,-0.0260083264680531,-0.0219103959600955,0.952178171620161,-0.0430418786365936,-0.0223319637901715,"","0",""
"38","discipline_new","Math","male",0.50101307343939,0,0.499489669159367,0.502536477719413,22,3.66666666666667,"Discipline",-0.0239593612140743,3.22034550882108e-116,-0.0260083264680531,-0.0219103959600955,0.952178171620161,-0.0430418786365936,-0.0223319637901715,"-0.02","1","***"
"39","discipline_new","Mech","female",0.159405415039131,0,0.158801213108654,0.160009616969608,22,3.66666666666667,"Discipline",0.00645408967641123,1.04094632798331e-47,0.00558235655985403,0.00732582279296843,1.0421970169994,0.0272522288889547,-0.00599423452538894,"0.01","-1","***"
"40","discipline_new","Mech","male",0.15295132536272,0,0.152322946276703,0.153579704448737,22,3.66666666666667,"Discipline",0.00645408967641123,1.04094632798331e-47,0.00558235655985403,0.00732582279296843,1.0421970169994,0.0272522288889547,-0.00599423452538894,"","0",""
"41","discipline_new","Medi","female",1.17434828737126,0,1.17194608195752,1.17675049278501,22,3.66666666666667,"Discipline",0.0685924983790038,0,0.0652795274882792,0.0719054692697284,1.06203223086132,0.0762095818981955,0.0387351943635508,"0.07","-1","***"
"42","discipline_new","Medi","male",1.10575578899226,0,1.10347429634476,1.10803728163976,22,3.66666666666667,"Discipline",0.0685924983790038,0,0.0652795274882792,0.0719054692697284,1.06203223086132,0.0762095818981955,0.0387351943635508,"","0",""
"43","discipline_new","Other_eng","female",0.341624102923953,0,0.340543570874206,0.342704634973699,22,3.66666666666667,"Discipline",0.0955869566095418,0,0.0942319582037564,0.0969419550153273,1.38850619933378,0.259663213466871,0.117994179059387,"0.1","-1","***"
"44","discipline_new","Other_eng","male",0.246037146314411,0,0.245219543056036,0.246854749572786,22,3.66666666666667,"Discipline",0.0955869566095418,0,0.0942319582037564,0.0969419550153273,1.38850619933378,0.259663213466871,0.117994179059387,"","0",""
"45","discipline_new","Other_nat","female",0.985752165034343,0,0.98167200952149,0.989832320547195,22,3.66666666666667,"Discipline",0.581662282279386,0,0.577296984685575,0.586027579873198,2.4394378753405,0.490464551750995,0.201327985455947,"0.58","-1","***"
"46","discipline_new","Other_nat","male",0.404089882754956,0,0.402538046826839,0.405641718683074,22,3.66666666666667,"Discipline",0.581662282279386,0,0.577296984685575,0.586027579873198,2.4394378753405,0.490464551750995,0.201327985455947,"","0",""
"47","discipline_new","Other_soc","female",1.36153658524077,0,1.35846400967968,1.36460916080186,22,3.66666666666667,"Discipline",0.0296231649081011,6.65351608958185e-39,0.0251730667364639,0.0340732630797384,1.02224105895765,0.0245026153108469,0.0245232247331377,"0.03","-1","***"
"48","discipline_new","Other_soc","male",1.33191342033267,0,1.32869430625756,1.33513253440778,22,3.66666666666667,"Discipline",0.0296231649081011,6.65351608958185e-39,0.0251730667364639,0.0340732630797384,1.02224105895765,0.0245026153108469,0.0245232247331377,"","0",""
"49","discipline_new","Phys","female",0.495798921588472,0,0.494567263746303,0.497030579430641,22,3.66666666666667,"Discipline",-0.0212742883465613,5.38267211947411e-116,-0.0230954107337725,-0.0194531659593501,0.958856332260505,-0.0429998049271618,-0.0213316542392838,"","0",""
"50","discipline_new","Phys","male",0.517073209935034,0,0.515731750734011,0.518414669136056,22,3.66666666666667,"Discipline",-0.0212742883465613,5.38267211947411e-116,-0.0230954107337725,-0.0194531659593501,0.958856332260505,-0.0429998049271618,-0.0213316542392838,"-0.02","1","***"
"51","discipline_new","Psy","female",1.87597172975829,0,1.87212536391591,1.87981809560066,22,3.66666666666667,"Discipline",-0.239928907647732,0,-0.245676004300865,-0.234181810994599,0.886606722732561,-0.15366842958751,-0.0978870033399782,"","0",""
"52","discipline_new","Psy","male",2.11590063740602,0,2.11163043129306,2.12017084351898,22,3.66666666666667,"Discipline",-0.239928907647732,0,-0.245676004300865,-0.234181810994599,0.886606722732561,-0.15366842958751,-0.0978870033399782,"-0.24","1","***"
"53","discipline_new","Socio","female",1.48972411210998,0,1.48665058791631,1.49279763630365,22,3.66666666666667,"Discipline",-0.318012194469071,0,-0.322944339424536,-0.313080049513606,0.824082642301478,-0.237333213175178,-0.131876566404953,"","0",""
"54","discipline_new","Socio","male",1.80773630657905,0,1.80387890397935,1.81159370917875,22,3.66666666666667,"Discipline",-0.318012194469071,0,-0.322944339424536,-0.313080049513606,0.824082642301478,-0.237333213175178,-0.131876566404953,"-0.32","1","***"
"55","Jr_Quantile","Q1","female",1.23770836619587,0,1.23473728328146,1.24067944911027,4,0.666666666666667,"Journal Rank",0.0356795871834459,1.66406261736144e-61,0.031453824722957,0.0399053496439347,1.02968280610782,0.0310788769858844,0.0249080956492511,"0.04","-1","***"
"56","Jr_Quantile","Q1","male",1.20202877901242,0,1.19902382097548,1.20503373704937,4,0.666666666666667,"Journal Rank",0.0356795871834459,1.66406261736144e-61,0.031453824722957,0.0399053496439347,1.02968280610782,0.0310788769858844,0.0249080956492511,"","0",""
"57","Jr_Quantile","Q2","female",0.632335331204392,0,0.630711512103337,0.633959150305447,4,0.666666666666667,"Journal Rank",2.78619426752336e-06,0.998131157939925,-0.0023286681627554,0.00233424055129044,1.00000440621678,4.39880848383478e-06,0.00300540112284448,"0","-1",""
"58","Jr_Quantile","Q2","male",0.632332545010125,0,0.630659552915615,0.634005537104634,4,0.666666666666667,"Journal Rank",2.78619426752336e-06,0.998131157939925,-0.0023286681627554,0.00233424055129044,1.00000440621678,4.39880848383478e-06,0.00300540112284448,"","0",""
"59","Jr_Quantile","Q3","female",0.425069720547439,0,0.423756368437663,0.426383072657215,4,0.666666666666667,"Journal Rank",0.0152127063156904,4.94697006609437e-61,0.0134037817079599,0.0170216309234208,1.03711710617959,0.0309554122265199,-0.00670304273848621,"0.02","-1","***"
"60","Jr_Quantile","Q3","male",0.409857014231749,0,0.408613100465979,0.411100927997518,4,0.666666666666667,"Journal Rank",0.0152127063156904,4.94697006609437e-61,0.0134037817079599,0.0170216309234208,1.03711710617959,0.0309554122265199,-0.00670304273848621,"","0",""
"61","Jr_Quantile","Q4","female",0.301878926447458,0,0.300703736741259,0.303054116153657,4,0.666666666666667,"Journal Rank",-0.0682908279950605,0,-0.0702118008509818,-0.0663698551391393,0.815514835624786,-0.130855423558813,-0.0648997175853885,"","0",""
"62","Jr_Quantile","Q4","male",0.370169754442519,0,0.368650190773513,0.371689318111524,4,0.666666666666667,"Journal Rank",-0.0682908279950605,0,-0.0702118008509818,-0.0663698551391393,0.815514835624786,-0.130855423558813,-0.0648997175853885,"-0.07","1","***"
"63","pub_before_cate","0","female",0.897537265807856,0,0.894848588674956,0.900225942940756,3,0.5,"Previous Publications",-0.00990888252359889,5.16330908612305e-07,-0.0137774898947638,-0.00604027515243397,0.989080473213955,-0.0094280223184192,-0.0037934408438125,"","0",""
"64","pub_before_cate","0","male",0.907446148331455,0,0.904664571402412,0.910227725260497,3,0.5,"Previous Publications",-0.00990888252359889,5.16330908612305e-07,-0.0137774898947638,-0.00604027515243397,0.989080473213955,-0.0094280223184192,-0.0037934408438125,"-0.01","1","***"
"65","pub_before_cate","1","female",1.05942239374631,0,1.05631989731982,1.06252489017281,3,0.5,"Previous Publications",0.0515552528661565,1.1327821054748e-121,0.0472479630070305,0.0558625427252824,1.05115282637465,0.0440574543627246,0.0198366795731504,"0.05","-1","***"
"66","pub_before_cate","1","male",1.00786714088016,0,1.00487928187166,1.01085499988865,3,0.5,"Previous Publications",0.0515552528661565,1.1327821054748e-121,0.0472479630070305,0.0558625427252824,1.05115282637465,0.0440574543627246,0.0198366795731504,"","0",""
"67","pub_before_cate","2+","female",1.04985529178318,0,1.04679892357653,1.05291165998982,3,0.5,"Previous Publications",0.0197754621955644,2.22783804332031e-19,0.0154696455380873,0.0240812788530414,1.01919798993004,0.0169052534585032,0.00613993492877651,"0.02","-1","***"
"68","pub_before_cate","2+","male",1.03007982958761,0,1.02704689205996,1.03311276711526,3,0.5,"Previous Publications",0.0197754621955644,2.22783804332031e-19,0.0154696455380873,0.0240812788530414,1.01919798993004,0.0169052534585032,0.00613993492877651,"","0",""
