"","X","most_ctr","with_tw","withTW_female","withTW_male","gii","withTW_gender_ratio","self_pro","selfpro_female","selfpro_male","selfpro_gender_ratio","all_female","all_male","all_authors","all_gender_ratio","continent","withTW_gender_ratio_weighted","selfpro_gender_ratio_weighted","withTW_female_ratio","selfpro_female_ratio","gii_rev"
"1",8,"aus",1,2849,2575,0.109142857142857,1.10640776699029,1,194,212,0.915094339622642,6159,6887,13046,0.894293596631334,"Oceania",1.23718627882158,1.02325941175209,0.525258112094395,0.477832512315271,0.890857142857143
"2",9,"aut",1,270,365,0.079,0.73972602739726,1,11,14,0.785714285714286,765,1224,1989,0.625,"Europe",1.18356164383562,1.25714285714286,0.425196850393701,0.44,0.921
"3",11,"bel",1,439,523,0.0641428571428571,0.839388145315488,1,19,35,0.542857142857143,1103,1642,2745,0.671741778319123,"Europe",1.24956965966277,0.808133661442818,0.456340956340956,0.351851851851852,0.935857142857143
"4",20,"bra",1,2461,1727,0.431142857142857,1.42501447596989,1,29,75,0.386666666666667,10366,8728,19094,1.18767186067828,"Americas",1.19983854391908,0.325566917486655,0.587631327602674,0.278846153846154,0.568857142857143
"5",26,"can",1,3173,3150,0.105285714285714,1.00730158730159,1,155,194,0.798969072164949,7000,9027,16027,0.775451423507256,"Americas",1.29898734693878,1.03032768777614,0.501818756919184,0.444126074498567,0.894714285714286
"6",27,"che",1,801,1033,0.0392857142857143,0.77541142303969,1,31,47,0.659574468085106,1884,2666,4550,0.706676669167292,"Europe",1.09726478440754,0.933346885305145,0.436750272628135,0.397435897435897,0.960714285714286
"7",28,"chl",1,117,213,0.277714285714286,0.549295774647887,1,6,14,0.428571428571429,441,847,1288,0.520661157024793,"Americas",1.05499664654594,0.82312925170068,0.354545454545455,0.3,0.722285714285714
"8",29,"chn",1,8168,16351,0.198857142857143,0.499541312457954,1,16,45,0.355555555555556,46708,104753,151461,0.445886991303352,"Asia",1.12033165847195,0.797411816200889,0.333129409845426,0.262295081967213,0.801142857142857
"9",34,"col",1,103,167,0.425857142857143,0.616766467065868,1,1,14,0.0714285714285714,468,795,1263,0.588679245283019,"Americas",1.04771226777215,0.121336996336996,0.381481481481481,0.0666666666666667,0.574142857142857
"10",40,"deu",1,2794,3526,0.0804285714285714,0.792399319342031,1,45,168,0.267857142857143,7431,11624,19055,0.639280798348245,"Europe",1.23951684672746,0.418997635388431,0.442088607594937,0.211267605633803,0.919571428571429
"11",42,"dnk",1,766,708,0.0328571428571429,1.0819209039548,1,28,55,0.509090909090909,1633,1778,3411,0.918447694038245,"Europe",1.17798858985403,0.554294939598063,0.519674355495251,0.337349397590361,0.967142857142857
"12",47,"esp",1,1770,1754,0.0748571428571429,1.00912200684151,1,60,140,0.428571428571429,5314,5915,11229,0.898393913778529,"Europe",1.1232511611719,0.477041776439594,0.502270147559591,0.3,0.925142857142857
"13",50,"fin",1,301,317,0.0541428571428571,0.949526813880126,1,20,26,0.769230769230769,784,997,1781,0.786359077231695,"Europe",1.20749774673276,0.978218210361068,0.48705501618123,0.434782608695652,0.945857142857143
"14",53,"fra",1,1745,1989,0.0917142857142857,0.877325289089995,1,36,81,0.444444444444444,5115,6879,11994,0.743567378979503,"Europe",1.1798867377615,0.597719126751385,0.467327262988752,0.307692307692308,0.908285714285714
"15",56,"gbr",1,6518,7107,0.133571428571429,0.917123962290699,1,771,1015,0.759605911330049,12411,16168,28579,0.767627412172192,"Europe",1.19475144809572,0.989550267857887,0.478385321100917,0.431690929451288,0.866428571428571
"16",62,"grc",1,164,184,0.126714285714286,0.891304347826087,1,2,11,0.181818181818182,542,807,1349,0.671623296158612,"Europe",1.32708968394032,0.270714525327071,0.471264367816092,0.153846153846154,0.873285714285714
"17",75,"ind",1,1365,2244,0.512857142857143,0.608288770053476,1,29,125,0.232,7356,12954,20310,0.567855488652154,"Asia",1.07120347026546,0.408554649265905,0.378221113881962,0.188311688311688,0.487142857142857
"18",76,"irl",1,487,480,0.106428571428571,1.01458333333333,1,37,55,0.672727272727273,1040,1178,2218,0.882852292020374,"Europe",1.14921073717949,0.761993006993007,0.503619441571872,0.402173913043478,0.893571428571429
"19",77,"irn",1,403,512,0.503142857142857,0.787109375,1,2,12,0.166666666666667,2810,5414,8224,0.519024750646472,"Asia",1.51651606983986,0.321115065243179,0.440437158469945,0.142857142857143,0.496857142857143
"20",80,"isr",1,301,441,0.108,0.682539682539683,1,7,22,0.318181818181818,731,1213,1944,0.602638087386645,"Asia",1.13258636788049,0.527981594329064,0.405660377358491,0.241379310344828,0.892
"21",81,"ita",1,1250,1065,0.0797142857142857,1.17370892018779,1,37,75,0.493333333333333,3784,3920,7704,0.96530612244898,"Europe",1.21589296171674,0.511064129668781,0.539956803455723,0.330357142857143,0.920285714285714
"22",84,"jpn",1,1641,4637,0.112714285714286,0.353892602976062,1,26,115,0.226086956521739,5588,17854,23442,0.312983085022964,"Asia",1.13070839898615,0.722361582272572,0.261388977381332,0.184397163120567,0.887285714285714
"23",88,"kor",1,1824,2894,0.0648571428571429,0.630269523151348,1,3,19,0.157894736842105,8093,15451,23544,0.523784868293314,"Asia",1.20329845572859,0.301449595817048,0.386604493429419,0.136363636363636,0.935142857142857
"24",103,"mex",1,334,429,0.379285714285714,0.778554778554779,1,4,20,0.2,1261,1999,3260,0.630815407703852,"Americas",1.23420380835131,0.317049960348929,0.437745740498034,0.166666666666667,0.620714285714286
"25",113,"mys",1,287,358,0.228142857142857,0.801675977653631,1,7,23,0.304347826086957,1901,2873,4774,0.66167768882701,"Asia",1.21158079105675,0.459963863412849,0.444961240310077,0.233333333333333,0.771857142857143
"26",118,"nld",1,1674,1321,0.0351428571428571,1.26722180166541,1,60,90,0.666666666666667,3180,3285,6465,0.968036529680365,"Europe",1.30906403096568,0.688679245283019,0.558931552587646,0.4,0.964857142857143
"27",119,"nor",1,439,376,0.0375714285714286,1.16755319148936,1,20,26,0.769230769230769,989,1060,2049,0.933018867924528,"Europe",1.25137146913926,0.824453605040056,0.538650306748466,0.434782608695652,0.962428571428571
"28",120,"npl",1,26,42,0.517,0.619047619047619,1,3,12,0.25,64,121,185,0.528925619834711,"Asia",1.1703869047619,0.47265625,0.382352941176471,0.2,0.483
"29",121,"nzl",1,352,366,0.130857142857143,0.961748633879781,1,22,27,0.814814814814815,877,1035,1912,0.847342995169082,"Oceania",1.13501691683646,0.961611554541999,0.49025069637883,0.448979591836735,0.869142857142857
"30",123,"pak",1,117,250,0.568428571428571,0.468,1,1,17,0.0588235294117647,682,1553,2235,0.43915003219575,"Asia",1.06569501466276,0.133948594100397,0.318801089918256,0.0555555555555556,0.431571428571429
"31",128,"pol",1,291,215,0.136,1.35348837209302,1,3,12,0.25,1506,1498,3004,1.00534045393858,"Europe",1.34629852682294,0.24867197875166,0.575098814229249,0.2,0.864
"32",131,"prt",1,561,359,0.0901428571428571,1.56267409470752,1,5,25,0.2,1963,1499,3462,1.30953969312875,"Europe",1.193300289336,0.152725420275089,0.609782608695652,0.166666666666667,0.909857142857143
"33",140,"sau",1,88,221,0.367285714285714,0.398190045248869,1,5,21,0.238095238095238,290,988,1278,0.293522267206478,"Asia",1.35659229208925,0.811165845648604,0.284789644012945,0.192307692307692,0.632714285714286
"34",143,"sgp",1,119,231,0.054,0.515151515151515,1,4,16,0.25,402,925,1327,0.434594594594595,"Asia",1.18536107342077,0.575248756218905,0.34,0.2,0.946
"35",151,"swe",1,746,724,0.0387142857142857,1.03038674033149,1,27,57,0.473684210526316,1742,2081,3823,0.837097549255166,"Europe",1.23090402217556,0.56586500694906,0.507482993197279,0.321428571428571,0.961285714285714
"36",158,"tur",1,421,461,0.328,0.913232104121475,1,12,26,0.461538461538462,2544,3159,5703,0.805318138651472,"Asia",1.13400165759424,0.57311320754717,0.477324263038549,0.315789473684211,0.672
"37",164,"usa",1,23235,26738,0.217571428571429,0.868987957214451,1,817,1273,0.641791044776119,48807,65565,114372,0.744406314344544,"Americas",1.16735704744741,0.86215153258234,0.464951073579733,0.390909090909091,0.782428571428571
"38",170,"zaf",1,344,319,0.417571428571429,1.07836990595611,1,20,24,0.833333333333333,1053,1155,2208,0.911688311688312,"Africa",1.18282738972394,0.914055080721747,0.518853695324284,0.454545454545455,0.582428571428571
