"","index","group","gender","AME","sig","AME.low","AME.high","index_new","AME.gender","sig.gender","AME.low.gender","AME.high.gender","Female-to-Male.ratio","cohens_d","cliff_delta","text.self","text.hjust","margin_sig_soc","p_label","label_new","label_colour","field","group_ordered"
"1","cohort","2012","female",4.60687376107186,0,4.58288546185942,4.6308620602843,"Cohort",0.00246313434324417,3.85508839837611e-44,0.00211672030676395,0.00280954837972439,1.05648664755617,0.0261723787116888,0.0699805266002254,"0.25","-1","***","p < .001","<span style='font-size:18pt'>0.25</span><br><span style='font-size:14pt'>p < .001</span>","#E69F00",NA,NA
"2","cohort","2012","male",4.36056032674744,0,4.33556850990601,4.38555214358888,"Cohort",0.00246313434324417,3.85508839837611e-44,0.00211672030676395,0.00280954837972439,1.05648664755617,0.0261723787116888,0.0699805266002254,"","0","","p < .001",NA,NA,NA,NA
"3","cohort","2013","female",6.67910676362406,0,6.65162365938927,6.70658986785884,"Cohort",0.000971507440312089,1.75969695889284e-06,0.000573093374316622,0.00136992150630756,1.0147601630491,0.00897557014960272,0.0372516738764962,"0.1","-1","***","p < .001","<span style='font-size:18pt'>0.1</span><br><span style='font-size:14pt'>p < .001</span>","#E69F00",NA,NA
"4","cohort","2013","male",6.58195601959285,0,6.55311126184391,6.61080077734178,"Cohort",0.000971507440312089,1.75969695889284e-06,0.000573093374316622,0.00136992150630756,1.0147601630491,0.00897557014960272,0.0372516738764962,"","0","","p < .001",NA,NA,NA,NA
"5","cohort","2014","female",9.72061181562867,0,9.68850024207909,9.75272338917825,"Cohort",0.00232879444370598,6.14860622806787e-23,0.00186593082425118,0.00279165806316078,1.02454532181747,0.0185194756641712,0.0382273817719017,"0.23","-1","***","p < .001","<span style='font-size:18pt'>0.23</span><br><span style='font-size:14pt'>p < .001</span>","#E69F00",NA,NA
"6","cohort","2014","male",9.48773237125807,0,9.45439652389684,9.52106821861931,"Cohort",0.00232879444370598,6.14860622806787e-23,0.00186593082425118,0.00279165806316078,1.02454532181747,0.0185194756641712,0.0382273817719017,"","0","","p < .001",NA,NA,NA,NA
"7","cohort","2015","female",11.837652009439,0,11.802587027616,11.872716991262,"Cohort",0.000279480194322682,0.279891163545345,-0.000227450913891646,0.000786411302537009,1.00236653005494,0.00202932997818816,0.0211895742959274,"0.03","-1","","ns","<span style='font-size:18pt'>0.03</span><br><span style='font-size:14pt'>ns</span>","grey50",NA,NA
"8","cohort","2015","male",11.8097039900067,0,11.7730946466681,11.8463133333453,"Cohort",0.000279480194322682,0.279891163545345,-0.000227450913891646,0.000786411302537009,1.00236653005494,0.00202932997818816,0.0211895742959274,"","0","","ns",NA,NA,NA,NA
"9","cohort","2016","female",12.2996770837618,0,12.2639937663302,12.3353604011935,"Cohort",0.0039851070228535,1.62174088692439e-52,0.00347299103331221,0.00449722301239478,1.03348501226784,0.0286432458533389,0.041429758196118,"0.4","-1","***","p < .001","<span style='font-size:18pt'>0.4</span><br><span style='font-size:14pt'>p < .001</span>","#E69F00",NA,NA
"10","cohort","2016","male",11.9011663814765,0,11.8644330951756,11.9378996677774,"Cohort",0.0039851070228535,1.62174088692439e-52,0.00347299103331221,0.00449722301239478,1.03348501226784,0.0286432458533389,0.041429758196118,"","0","","p < .001",NA,NA,NA,NA
"57","Jr_Quantile","Q1","female",10.3210404098658,0,10.2879663047645,10.3541145149671,"Journal Rank",0.00271193478802551,6.43683799055415e-29,0.00223564432902959,0.00318822524702142,1.02698483675053,0.0209583909668772,0.0406143622959731,"0.27","-1","***","p < .001","<span style='font-size:18pt'>0.27</span><br><span style='font-size:14pt'>p < .001</span>","#E69F00",NA,NA
"58","Jr_Quantile","Q1","male",10.0498469310632,0,10.0155739909036,10.0841198712228,"Journal Rank",0.00271193478802551,6.43683799055415e-29,0.00223564432902959,0.00318822524702142,1.02698483675053,0.0209583909668772,0.0406143622959731,"","0","","p < .001",NA,NA,NA,NA
"59","Jr_Quantile","Q2","female",7.93474600042864,0,7.9052348753111,7.96425712554619,"Journal Rank",0.00333816450103133,1.52039168716001e-53,0.00291346832552319,0.00376286067653948,1.04391784555993,0.0289321002762849,0.0548539148990055,"0.33","-1","***","p < .001","<span style='font-size:18pt'>0.33</span><br><span style='font-size:14pt'>p < .001</span>","#E69F00",NA,NA
"60","Jr_Quantile","Q2","male",7.60092955032551,0,7.57038833621887,7.63147076443215,"Journal Rank",0.00333816450103133,1.52039168716001e-53,0.00291346832552319,0.00376286067653948,1.04391784555993,0.0289321002762849,0.0548539148990055,"","0","","p < .001",NA,NA,NA,NA
"61","Jr_Quantile","Q3","female",5.57765832393334,0,5.55199722307323,5.60331942479346,"Journal Rank",0.00259910114138801,4.76740949450197e-43,0.00222876175079203,0.00296944053198399,1.04887597228844,0.0258329408586852,0.0634502934271035,"0.26","-1","***","p < .001","<span style='font-size:18pt'>0.26</span><br><span style='font-size:14pt'>p < .001</span>","#E69F00",NA,NA
"62","Jr_Quantile","Q3","male",5.31774820979454,0,5.29104571042863,5.34445070916046,"Journal Rank",0.00259910114138801,4.76740949450197e-43,0.00222876175079203,0.00296944053198399,1.04887597228844,0.0258329408586852,0.0634502934271035,"","0","","p < .001",NA,NA,NA,NA
"63","Jr_Quantile","Q4","female",2.91776594693059,0,2.89707362257275,2.93845827128844,"Journal Rank",0.00313396608566083,7.33203996402525e-95,0.00283673712405155,0.00343119504727012,1.1203349325111,0.0388109028261573,0.122643956308263,"0.31","-1","***","p < .001","<span style='font-size:18pt'>0.31</span><br><span style='font-size:14pt'>p < .001</span>","#E69F00",NA,NA
"64","Jr_Quantile","Q4","male",2.60436933836451,0,2.58303204344288,2.62570663328614,"Journal Rank",0.00313396608566083,7.33203996402525e-95,0.00283673712405155,0.00343119504727012,1.1203349325111,0.0388109028261573,0.122643956308263,"","0","","p < .001",NA,NA,NA,NA
"65","pub_before_cate","0","female",7.88670686393981,0,7.85609692359378,7.91731680428584,"Previous Publications",-0.000755647023476622,0.000900899613961089,-0.00120177319321224,-0.000309520853741008,0.990509655226078,-0.00623464677705764,0.0271515317413071,"","0","","p < .001",NA,NA,NA,NA
"66","pub_before_cate","0","male",7.96227156628747,0,7.92981665304661,7.99472647952833,"Previous Publications",-0.000755647023476622,0.000900899613961089,-0.00120177319321224,-0.000309520853741008,0.990509655226078,-0.00623464677705764,0.0271515317413071,"-0.08","1","***","p < .001","<span style='font-size:18pt'>-0.08</span><br><span style='font-size:14pt'>p < .001</span>","#56B4E9",NA,NA
"67","pub_before_cate","1","female",10.2284592294881,0,10.1940889131098,10.2628295458665,"Previous Publications",0.00608685593005903,7.61852638306261e-130,0.00559484142316693,0.00657887043695114,1.06327441954533,0.0455371338121214,0.0670762373806578,"0.61","-1","***","p < .001","<span style='font-size:18pt'>0.61</span><br><span style='font-size:14pt'>p < .001</span>","#E69F00",NA,NA
"68","pub_before_cate","1","male",9.61977363648222,0,9.5845675394379,9.65497973352654,"Previous Publications",0.00608685593005903,7.61852638306261e-130,0.00559484142316693,0.00657887043695114,1.06327441954533,0.0455371338121214,0.0670762373806578,"","0","","p < .001",NA,NA,NA,NA
"69","pub_before_cate","2+","female",10.5602606326911,0,10.5253829553234,10.5951383100588,"Previous Publications",0.00585968947389144,6.61775118107614e-117,0.00536007848056331,0.00635930046721957,1.05874792575523,0.0431711078096308,0.064042023234141,"0.59","-1","***","p < .001","<span style='font-size:18pt'>0.59</span><br><span style='font-size:14pt'>p < .001</span>","#E69F00",NA,NA
"70","pub_before_cate","2+","male",9.97429168530197,0,9.93851928817953,10.0100640824244,"Previous Publications",0.00585968947389144,6.61775118107614e-117,0.00536007848056331,0.00635930046721957,1.05874792575523,0.0431711078096308,0.064042023234141,"","0","","p < .001",NA,NA,NA,NA
"110","discipline_new","Agri","female",9.40097815031529,0,9.37184059029955,9.43011571033103,"Discipline",-0.000173408785287765,0.423744074481022,-0.000598283304826965,0.000251465734251434,0.998158813852486,-0.00150231494249301,0.0260217073893349,"","0","","ns",NA,NA,"Agricultural","Agri"
"210","discipline_new","Agri","male",9.41831902884407,0,9.38739670643777,9.44924135125036,"Discipline",-0.000173408785287765,0.423744074481022,-0.000598283304826965,0.000251465734251434,0.998158813852486,-0.00150231494249301,0.0260217073893349,"-0.02","1","","ns","<span style='font-size:18pt'>-0.02</span><br><span style='font-size:14pt'>ns</span>","grey50","Agricultural","Agri"
"310","discipline_new","ChemE","female",2.49126260760677,0,2.47185012799699,2.51067508721655,"Discipline",-0.000343777008888688,0.0181565226302328,-0.000628990048272049,-5.8563969505328e-05,0.986388520656235,-0.00443667921597565,0.0510399834887885,"","0","","p = 0.018",NA,NA,"Engineering","ChemE"
"45","discipline_new","ChemE","male",2.52564030849564,0,2.50474480299639,2.54653581399489,"Discipline",-0.000343777008888688,0.0181565226302328,-0.000628990048272049,-5.8563969505328e-05,0.986388520656235,-0.00443667921597565,0.0510399834887885,"-0.03","1","**","p = 0.018","<span style='font-size:18pt'>-0.03</span><br><span style='font-size:14pt'>p = 0.018</span>","#56B4E9","Engineering","ChemE"
"51","discipline_new","Elec","female",1.17963177165445,0,1.16331296170531,1.1959505816036,"Discipline",-0.000966318854919122,4.14888536805256e-15,-0.00120757263611611,-0.000725065073722135,0.924285326977049,-0.0147433746640674,0.0225122938535769,"","0","","p < .001",NA,NA,"Engineering","Elec"
"610","discipline_new","Elec","male",1.27626365714636,0,1.25849482056083,1.29403249373189,"Discipline",-0.000966318854919122,4.14888536805256e-15,-0.00120757263611611,-0.000725065073722135,0.924285326977049,-0.0147433746640674,0.0225122938535769,"-0.1","1","***","p < .001","<span style='font-size:18pt'>-0.1</span><br><span style='font-size:14pt'>p < .001</span>","#56B4E9","Engineering","Elec"
"71","discipline_new","Mater","female",4.31575812149618,0,4.29324272876485,4.33827351422752,"Discipline",0.0041079720642552,1.91533609944873e-135,0.00378295865482903,0.00443298547368137,1.10519880105332,0.0465239713261231,0.126231793533591,"0.41","-1","***","p < .001","<span style='font-size:18pt'>0.41</span><br><span style='font-size:14pt'>p < .001</span>","#E69F00","Engineering","Mater"
"81","discipline_new","Mater","male",3.90496091507066,0,3.88152170629658,3.92840012384475,"Discipline",0.0041079720642552,1.91533609944873e-135,0.00378295865482903,0.00443298547368137,1.10519880105332,0.0465239713261231,0.126231793533591,"","0","","p < .001",NA,NA,"Engineering","Mater"
"91","discipline_new","Mech","female",1.51992374858672,0,1.5026557591665,1.53719173800695,"Discipline",0.00169999031367203,1.06703142778077e-40,0.00145056323500113,0.00194941739234293,1.12593223103386,0.0250872711567569,0.197965995519595,"0.17","-1","***","p < .001","<span style='font-size:18pt'>0.17</span><br><span style='font-size:14pt'>p < .001</span>","#E69F00","Engineering","Mech"
"101","discipline_new","Mech","male",1.34992471721952,0,1.33192592434138,1.36792351009766,"Discipline",0.00169999031367203,1.06703142778077e-40,0.00145056323500113,0.00194941739234293,1.12593223103386,0.0250872711567569,0.197965995519595,"","0","","p < .001",NA,NA,"Engineering","Mech"
"11","discipline_new","Other_eng","female",3.85073325637047,0,3.82894369399256,3.87252281874839,"Discipline",0.00633827826739222,0,0.0060269361593937,0.00664962037539073,1.1970302952959,0.0749348802681045,0.194851333864737,"0.63","-1","***","p < .001","<span style='font-size:18pt'>0.63</span><br><span style='font-size:14pt'>p < .001</span>","#E69F00","Engineering","XOther_eng"
"12","discipline_new","Other_eng","male",3.21690542963125,0,3.19466681181121,3.23914404745129,"Discipline",0.00633827826739222,0,0.0060269361593937,0.00664962037539073,1.1970302952959,0.0749348802681045,0.194851333864737,"","0","","p < .001",NA,NA,"Engineering","XOther_eng"
"13","discipline_new","Human","female",4.26413164866593,0,4.24169523588141,4.28656806145044,"Discipline",-0.00152149605695111,1.83867095055138e-19,-0.00185200650345544,-0.00119098561044679,0.965548026284588,-0.0169447910432057,0.0153517992752337,"","0","","p < .001",NA,NA,"Humanities","Human"
"14","discipline_new","Human","male",4.41628125436104,0,4.39201231813599,4.44055019058608,"Discipline",-0.00152149605695111,1.83867095055138e-19,-0.00185200650345544,-0.00119098561044679,0.965548026284588,-0.0169447910432057,0.0153517992752337,"-0.15","1","***","p < .001","<span style='font-size:18pt'>-0.15</span><br><span style='font-size:14pt'>p < .001</span>","#56B4E9","Humanities","Human"
"15","discipline_new","Clinic","female",9.65733811700108,0,9.62790772003708,9.68676851396509,"Discipline",0.00565296857271083,2.22197112052214e-150,0.00522883357002437,0.00607710357539729,1.06217491112528,0.049059490466464,0.0777304580879186,"0.57","-1","***","p < .001","<span style='font-size:18pt'>0.57</span><br><span style='font-size:14pt'>p < .001</span>","#E69F00","Medical","Clinic"
"16","discipline_new","Clinic","male",9.09204125973,0,9.0615001304236,9.12258238903641,"Discipline",0.00565296857271083,2.22197112052214e-150,0.00522883357002437,0.00607710357539729,1.06217491112528,0.049059490466464,0.0777304580879186,"","0","","p < .001",NA,NA,"Medical","Clinic"
"17","discipline_new","Health","female",9.43872354277937,0,9.40954267987972,9.46790440567903,"Discipline",0.0109910861761141,0,0.0105751447891675,0.0114070275630607,1.13179368921393,0.097265551740184,0.128424150869812,"1.1","-1","***","p < .001","<span style='font-size:18pt'>1.1</span><br><span style='font-size:14pt'>p < .001</span>","#E69F00","Medical","Health"
"18","discipline_new","Health","male",8.33961492516796,0,8.30997452525516,8.36925532508077,"Discipline",0.0109910861761141,0,0.0105751447891675,0.0114070275630607,1.13179368921393,0.097265551740184,0.128424150869812,"","0","","p < .001",NA,NA,"Medical","Health"
"19","discipline_new","Medi","female",13.4094138196442,0,13.3760032182044,13.442824421084,"Discipline",-0.00342368888947087,4.65771247949867e-43,-0.0039114619656331,-0.00293591581330863,0.975103672287289,-0.0258361053105854,-0.00141498428064679,"","0","","p < .001",NA,NA,"Medical","Medi"
"20","discipline_new","Medi","male",13.7517827085913,0,13.7162445245052,13.7873208926774,"Discipline",-0.00342368888947087,4.65771247949867e-43,-0.0039114619656331,-0.00293591581330863,0.975103672287289,-0.0258361053105854,-0.00141498428064679,"-0.34","1","***","p < .001","<span style='font-size:18pt'>-0.34</span><br><span style='font-size:14pt'>p < .001</span>","#56B4E9","Medical","Medi"
"21","discipline_new","Bio","female",16.80340637025,0,16.7668244581514,16.8399882823486,"Discipline",0.00274575625444579,2.32935531993877e-24,0.00221735041175909,0.00327416209713248,1.01661192069081,0.019126915878158,0.0331277354976263,"0.27","-1","***","p < .001","<span style='font-size:18pt'>0.27</span><br><span style='font-size:14pt'>p < .001</span>","#E69F00","Natural","Bio"
"22","discipline_new","Bio","male",16.5288307448054,0,16.4907007433262,16.5669607462847,"Discipline",0.00274575625444579,2.32935531993877e-24,0.00221735041175909,0.00327416209713248,1.01661192069081,0.019126915878158,0.0331277354976263,"","0","","p < .001",NA,NA,"Natural","Bio"
"23","discipline_new","ChemS","female",8.03047061332326,0,8.0029518269767,8.05798939966982,"Discipline",-0.00252674565284371,1.4966174148992e-34,-0.00293069547864565,-0.00212279582704177,0.969495335426821,-0.0230242069031429,0.00390218249011909,"","0","","p < .001",NA,NA,"Natural","ChemS"
"24","discipline_new","ChemS","male",8.28314517860763,0,8.25357366362077,8.31271669359449,"Discipline",-0.00252674565284371,1.4966174148992e-34,-0.00293069547864565,-0.00212279582704177,0.969495335426821,-0.0230242069031429,0.00390218249011909,"-0.25","1","***","p < .001","<span style='font-size:18pt'>-0.25</span><br><span style='font-size:14pt'>p < .001</span>","#56B4E9","Natural","ChemS"
"25","discipline_new","Com","female",2.82543693683012,0,2.80539387917792,2.84547999448231,"Discipline",-0.000783873736730507,1.91624090881072e-07,-0.00107891356571035,-0.00048883390775066,0.973005469583844,-0.00977948632127314,0.0344132746143379,"","0","","p < .001",NA,NA,"Natural","Com"
"26","discipline_new","Com","male",2.90382431050317,0,2.88217338200506,2.92547523900128,"Discipline",-0.000783873736730507,1.91624090881072e-07,-0.00107891356571035,-0.00048883390775066,0.973005469583844,-0.00977948632127314,0.0344132746143379,"-0.08","1","***","p < .001","<span style='font-size:18pt'>-0.08</span><br><span style='font-size:14pt'>p < .001</span>","#56B4E9","Natural","Com"
"27","discipline_new","Earth","female",7.85350821443253,0,7.82620549877862,7.88081093008644,"Discipline",0.0102549839590553,0,0.00986585778707156,0.010644110131039,1.15018994160245,0.0970052235808761,0.143553160434469,"1.03","-1","***","p < .001","<span style='font-size:18pt'>1.03</span><br><span style='font-size:14pt'>p < .001</span>","#E69F00","Natural","Earth"
"28","discipline_new","Earth","male",6.828009818527,0,6.80028335594765,6.85573628110635,"Discipline",0.0102549839590553,0,0.00986585778707156,0.010644110131039,1.15018994160245,0.0970052235808761,0.143553160434469,"","0","","p < .001",NA,NA,"Natural","Earth"
"29","discipline_new","Math","female",4.31297259742707,0,4.29046145653912,4.33548373831502,"Discipline",-0.0009522932176367,1.69948396698337e-08,-0.00128321781265849,-0.000621368622614908,0.978397241435539,-0.0105923475586266,0.0264847637570995,"","0","","p < .001",NA,NA,"Natural","Math"
"30","discipline_new","Math","male",4.40820191919074,0,4.38394574988639,4.43245808849508,"Discipline",-0.0009522932176367,1.69948396698337e-08,-0.00128321781265849,-0.000621368622614908,0.978397241435539,-0.0105923475586266,0.0264847637570995,"-0.1","1","***","p < .001","<span style='font-size:18pt'>-0.1</span><br><span style='font-size:14pt'>p < .001</span>","#56B4E9","Natural","Math"
"31","discipline_new","Phys","female",7.42247262051933,0,7.39570361086601,7.44924163017266,"Discipline",-0.0136740289348605,0,-0.014077463991309,-0.013270593878412,0.844434327732253,-0.124759446228059,-0.111777336233918,"","0","","p < .001",NA,NA,"Natural","Phys"
"32","discipline_new","Phys","male",8.78987551400539,0,8.75969237228726,8.82005865572351,"Discipline",-0.0136740289348605,0,-0.014077463991309,-0.013270593878412,0.844434327732253,-0.124759446228059,-0.111777336233918,"-1.37","1","***","p < .001","<span style='font-size:18pt'>-1.37</span><br><span style='font-size:14pt'>p < .001</span>","#56B4E9","Natural","Phys"
"33","discipline_new","Other_nat","female",3.50906056129981,0,3.48782751701404,3.53029360558558,"Discipline",0.00257358604395147,2.67113297416524e-60,0.00226565335098083,0.00288151873692211,1.07914581588533,0.0307633389155539,0.113984350100241,"0.26","-1","***","p < .001","<span style='font-size:18pt'>0.26</span><br><span style='font-size:14pt'>p < .001</span>","#E69F00","Natural","XOther_nat"
"34","discipline_new","Other_nat","male",3.25170195690467,0,3.22939982049735,3.27400409331198,"Discipline",0.00257358604395147,2.67113297416524e-60,0.00226565335098083,0.00288151873692211,1.07914581588533,0.0307633389155539,0.113984350100241,"","0","","p < .001",NA,NA,"Natural","XOther_nat"
"35","discipline_new","Econ","female",3.72826121025686,0,3.70666865512685,3.74985376538686,"Discipline",0.000722920928759536,7.13807576575437e-06,0.000407321275901266,0.00103852058161781,1.01977371541031,0.00843150027190434,0.0657801390024737,"0.07","-1","***","p < .001","<span style='font-size:18pt'>0.07</span><br><span style='font-size:14pt'>p < .001</span>","#E69F00","Social","Econ"
"36","discipline_new","Econ","male",3.6559691173809,0,3.63295183913581,3.67898639562599,"Discipline",0.000722920928759536,7.13807576575437e-06,0.000407321275901266,0.00103852058161781,1.01977371541031,0.00843150027190434,0.0657801390024737,"","0","","p < .001",NA,NA,"Social","Econ"
"37","discipline_new","Edu","female",5.5921969050948,0,5.56783076501416,5.61656304517545,"Discipline",0.00573527124452902,1.37386464132189e-225,0.00538477936781725,0.0060857631212408,1.11427871318912,0.0602319027269684,0.125611839648685,"0.57","-1","***","p < .001","<span style='font-size:18pt'>0.57</span><br><span style='font-size:14pt'>p < .001</span>","#E69F00","Social","Edu"
"38","discipline_new","Edu","male",5.0186697806419,0,4.99347574571148,5.04386381557232,"Discipline",0.00573527124452902,1.37386464132189e-225,0.00538477936781725,0.0060857631212408,1.11427871318912,0.0602319027269684,0.125611839648685,"","0","","p < .001",NA,NA,"Social","Edu"
"39","discipline_new","Psy","female",4.84600076501685,0,4.82269439830452,4.86930713172918,"Discipline",0.00303175632285568,3.28692539890017e-69,0.00269384406700674,0.00336966857870461,1.06673724465007,0.0330248554722481,0.0949475535828652,"0.3","-1","***","p < .001","<span style='font-size:18pt'>0.3</span><br><span style='font-size:14pt'>p < .001</span>","#E69F00","Social","Psy"
"40","discipline_new","Psy","male",4.54282513273128,0,4.51835754939227,4.5672927160703,"Discipline",0.00303175632285568,3.28692539890017e-69,0.00269384406700674,0.00336966857870461,1.06673724465007,0.0330248554722481,0.0949475535828652,"","0","","p < .001",NA,NA,"Social","Psy"
"41","discipline_new","Socio","female",5.94229758278737,0,5.91745226495375,5.96714290062099,"Discipline",0.00634567162259823,6.14863119983899e-266,0.00598877840326154,0.00670256484193491,1.11955527353191,0.0654470197394395,0.127872172794502,"0.63","-1","***","p < .001","<span style='font-size:18pt'>0.63</span><br><span style='font-size:14pt'>p < .001</span>","#E69F00","Social","Socio"
"42","discipline_new","Socio","male",5.30773042052755,0,5.28210932374031,5.33335151731478,"Discipline",0.00634567162259823,6.14863119983899e-266,0.00598877840326154,0.00670256484193491,1.11955527353191,0.0654470197394395,0.127872172794502,"","0","","p < .001",NA,NA,"Social","Socio"
"43","discipline_new","Other_soc","female",6.35473847698695,0,6.32934150409257,6.38013544988133,"Discipline",-0.000983555835119734,2.24900700057315e-07,-0.00135588435658947,-0.000611227313649996,0.98475838371642,-0.00972351505233207,0.0225102662718117,"","0","","p < .001",NA,NA,"Social","XOther_soc"
"44","discipline_new","Other_soc","male",6.45309406049892,0,6.42586756594303,6.48032055505482,"Discipline",-0.000983555835119734,2.24900700057315e-07,-0.00135588435658947,-0.000611227313649996,0.98475838371642,-0.00972351505233207,0.0225102662718117,"-0.1","1","***","p < .001","<span style='font-size:18pt'>-0.1</span><br><span style='font-size:14pt'>p < .001</span>","#56B4E9","Social","XOther_soc"
