Cohort,Discipline,No. authors F,No. authors M,No. mentioned authors F,No. mentioned authors M,No. mentioned authors Diff. (F-M) (%),No. mentioned authors 95% CI,No. mentioned authors Cohen's h,No. mentioned authors Exact p
2012,Agri,"2,430","2,843",610 (25.10%),555 (19.52%),5.58,"[3.33, 7.84]",0.134,<.001
2012,ChemE,418,820,25 (5.98%),46 (5.61%),0.37,"[-2.24, 3.40]",0.016,0.797
2012,Elec,662,"2,652",15 (2.27%),73 (2.75%),-0.49,"[-1.61, 1.06]",-0.031,0.589
2012,Mater,"1,771","4,430",131 (7.40%),297 (6.70%),0.69,"[-0.68, 2.18]",0.027,0.346
2012,Mech,330,"1,200",3 (0.91%),33 (2.75%),-1.84,"[-3.08, 0.06]",-0.142,0.063
2012,Other_eng,"1,392","3,492",132 (9.48%),244 (6.99%),2.5,"[0.81, 4.33]",0.091,0.004
2012,Human,"1,281","1,606",228 (17.80%),260 (16.19%),1.61,"[-1.13, 4.39]",0.043,0.272
2012,Clinic,"11,652","14,073","3,858 (33.11%)","3,973 (28.23%)",4.88,"[3.75, 6.01]",0.106,<.001
2012,Health,"3,363","2,530","1,319 (39.22%)",874 (34.55%),4.68,"[2.19, 7.15]",0.097,<.001
2012,Medi,"3,230","3,786",942 (29.16%),988 (26.10%),3.07,"[0.97, 5.17]",0.069,0.004
2012,Bio,"6,596","8,297","2,049 (31.06%)","2,616 (31.53%)",-0.47,"[-1.96, 1.04]",-0.01,0.545
2012,ChemS,"3,374","6,252",557 (16.51%),"1,042 (16.67%)",-0.16,"[-1.70, 1.42]",-0.004,0.863
2012,Com,"1,352","4,543",111 (8.21%),319 (7.02%),1.19,"[-0.37, 2.92]",0.045,0.153
2012,Earth,"2,574","4,155",469 (18.22%),676 (16.27%),1.95,"[0.10, 3.84]",0.052,0.042
2012,Math,759,"2,157",66 (8.70%),177 (8.21%),0.49,"[-1.69, 2.96]",0.018,0.703
2012,Phys,"2,147","6,752",216 (10.06%),903 (13.37%),-3.31,"[-4.78, -1.75]",-0.103,<.001
2012,Other_nat,229,678,12 (5.24%),41 (6.05%),-0.81,"[-3.83, 3.20]",-0.035,0.746
2012,Eco,860,"1,483",157 (18.26%),236 (15.91%),2.34,"[-0.78, 5.59]",0.062,0.152
2012,Edu,573,428,178 (31.06%),117 (27.34%),3.73,"[-2.00, 9.32]",0.082,0.208
2012,Psy,"1,109",698,459 (41.39%),258 (36.96%),4.43,"[-0.21, 8.99]",0.091,0.068
2012,Socio,897,"1,059",297 (33.11%),340 (32.11%),1,"[-3.15, 5.18]",0.021,0.663
2012,Other_soc,887,"1,082",258 (29.09%),240 (22.18%),6.91,"[3.03, 10.79]",0.158,<.001
2012,unknown,58,112,11 (18.97%),20 (17.86%),1.11,"[-10.31, 14.42]",0.029,0.837
2012,Total,"47,944","75,128","12,103 (25.24%)","14,328 (19.07%)",6.17,"[5.69, 6.65]",0.149,<.001
2013,Agri,"2,591","2,793",771 (29.76%),708 (25.35%),4.41,"[2.02, 6.79]",0.099,<.001
2013,ChemE,372,777,26 (6.99%),44 (5.66%),1.33,"[-1.53, 4.69]",0.055,0.429
2013,Elec,821,"3,009",20 (2.44%),97 (3.22%),-0.79,"[-1.89, 0.63]",-0.048,0.303
2013,Mater,"1,782","4,058",192 (10.77%),370 (9.12%),1.66,"[0.02, 3.40]",0.055,0.054
2013,Mech,348,"1,413",12 (3.45%),46 (3.26%),0.19,"[-1.62, 2.80]",0.011,0.867
2013,Other_eng,"1,435","3,830",152 (10.59%),327 (8.54%),2.05,"[0.30, 3.95]",0.07,0.024
2013,Human,"1,278","1,719",240 (18.78%),307 (17.86%),0.92,"[-1.86, 3.75]",0.024,0.534
2013,Clinic,"11,650","14,301","4,574 (39.26%)","4,781 (33.43%)",5.83,"[4.65, 7.01]",0.121,<.001
2013,Health,"3,248","2,511","1,444 (44.46%)","1,013 (40.34%)",4.12,"[1.54, 6.68]",0.083,0.002
2013,Medi,"3,315","3,989","1,157 (34.90%)","1,281 (32.11%)",2.79,"[0.62, 4.96]",0.059,0.013
2013,Bio,"6,448","8,454","2,493 (38.66%)","3,276 (38.75%)",-0.09,"[-1.66, 1.49]",-0.002,0.919
2013,ChemS,"3,226","6,185",605 (18.75%),"1,156 (18.69%)",0.06,"[-1.58, 1.74]",0.002,0.956
2013,Com,"1,248","3,894",120 (9.62%),314 (8.06%),1.55,"[-0.21, 3.49]",0.055,0.09
2013,Earth,"2,487","4,330",573 (23.04%),883 (20.39%),2.65,"[0.62, 4.71]",0.064,0.011
2013,Math,655,"2,031",64 (9.77%),212 (10.44%),-0.67,"[-3.15, 2.14]",-0.022,0.658
2013,Phys,"1,979","5,825",271 (13.69%),931 (15.98%),-2.29,"[-4.03, -0.46]",-0.064,0.016
2013,Other_nat,241,610,25 (10.37%),50 (8.20%),2.18,"[-1.89, 7.06]",0.075,0.347
2013,Eco,820,"1,425",170 (20.73%),265 (18.60%),2.14,"[-1.24, 5.63]",0.054,0.223
2013,Edu,499,384,177 (35.47%),115 (29.95%),5.52,"[-0.74, 11.65]",0.118,0.097
2013,Psy,995,659,461 (46.33%),315 (47.80%),-1.47,"[-6.37, 3.43]",-0.029,0.58
2013,Socio,807,976,294 (36.43%),383 (39.24%),-2.81,"[-7.30, 1.72]",-0.058,0.239
2013,Other_soc,880,"1,032",243 (27.61%),273 (26.45%),1.16,"[-2.82, 5.17]",0.026,0.57
2013,unknown,119,216,20 (16.81%),14 (6.48%),10.33,"[3.34, 18.48]",0.33,0.004
2013,Total,"47,244","74,421","14,104 (29.85%)","17,161 (23.06%)",6.79,"[6.28, 7.31]",0.154,<.001
2014,Agri,"2,072","2,382",677 (32.67%),722 (30.31%),2.36,"[-0.37, 5.10]",0.051,0.092
2014,ChemE,430,941,44 (10.23%),103 (10.95%),-0.71,"[-4.03, 3.00]",-0.023,0.778
2014,Elec,811,"3,033",47 (5.80%),162 (5.34%),0.45,"[-1.20, 2.43]",0.02,0.602
2014,Mater,"1,775","4,021",200 (11.27%),413 (10.27%),1,"[-0.70, 2.79]",0.032,0.266
2014,Mech,416,"1,464",25 (6.01%),54 (3.69%),2.32,"[0.12, 5.16]",0.109,0.051
2014,Other_eng,"1,420","3,725",167 (11.76%),347 (9.32%),2.45,"[0.59, 4.44]",0.08,0.011
2014,Human,"1,241","1,583",296 (23.85%),334 (21.10%),2.75,"[-0.34, 5.88]",0.066,0.084
2014,Clinic,"10,896","13,705","4,939 (45.33%)","5,425 (39.58%)",5.74,"[4.50, 6.99]",0.116,<.001
2014,Health,"2,864","2,542","1,343 (46.89%)","1,104 (43.43%)",3.46,"[0.80, 6.11]",0.07,0.011
2014,Medi,"2,964","3,730","1,197 (40.38%)","1,399 (37.51%)",2.88,"[0.53, 5.23]",0.059,0.016
2014,Bio,"5,637","7,427","2,662 (47.22%)","3,444 (46.37%)",0.85,"[-0.87, 2.58]",0.017,0.339
2014,ChemS,"3,142","5,956",669 (21.29%),"1,318 (22.13%)",-0.84,"[-2.60, 0.96]",-0.02,0.364
2014,Com,"1,185","3,630",130 (10.97%),405 (11.16%),-0.19,"[-2.15, 1.96]",-0.006,0.915
2014,Earth,"2,322","4,334",619 (26.66%),"1,008 (23.26%)",3.4,"[1.22, 5.61]",0.079,0.002
2014,Math,702,"1,841",89 (12.68%),238 (12.93%),-0.25,"[-3.02, 2.79]",-0.007,0.895
2014,Phys,"1,707","5,166",396 (23.20%),"1,196 (23.15%)",0.05,"[-2.22, 2.40]",0.001,0.974
2014,Other_nat,207,578,29 (14.01%),56 (9.69%),4.32,"[-0.56, 10.12]",0.134,0.091
2014,Eco,815,"1,262",182 (22.33%),252 (19.97%),2.36,"[-1.20, 6.02]",0.058,0.204
2014,Edu,483,379,191 (39.54%),135 (35.62%),3.92,"[-2.60, 10.35]",0.081,0.258
2014,Psy,895,570,430 (48.04%),291 (51.05%),-3.01,"[-8.23, 2.24]",-0.06,0.284
2014,Socio,803,908,316 (39.35%),354 (38.99%),0.37,"[-4.25, 5.00]",0.007,0.882
2014,Other_soc,820,"1,001",265 (32.32%),284 (28.37%),3.95,"[-0.29, 8.20]",0.086,0.072
2014,unknown,68,132,11 (16.18%),37 (28.03%),-11.85,"[-22.57, 0.75]",-0.288,0.08
2014,Total,"43,675","70,310","14,924 (34.17%)","19,081 (27.14%)",7.03,"[6.48, 7.59]",0.153,<.001
2015,Agri,"1,915","2,282",701 (36.61%),736 (32.25%),4.35,"[1.47, 7.24]",0.092,0.003
2015,ChemE,492,989,39 (7.93%),113 (11.43%),-3.5,"[-6.47, -0.21]",-0.119,0.037
2015,Elec,845,"2,831",43 (5.09%),137 (4.84%),0.25,"[-1.30, 2.10]",0.011,0.785
2015,Mater,"1,798","3,920",226 (12.57%),470 (11.99%),0.58,"[-1.22, 2.47]",0.018,0.542
2015,Mech,407,"1,372",17 (4.18%),60 (4.37%),-0.2,"[-2.17, 2.40]",-0.01,1
2015,Other_eng,"1,488","4,007",181 (12.16%),423 (10.56%),1.61,"[-0.24, 3.59]",0.051,0.099
2015,Human,"1,229","1,447",294 (23.92%),359 (24.81%),-0.89,"[-4.13, 2.39]",-0.021,0.619
2015,Clinic,"9,931","12,567","4,869 (49.03%)","5,538 (44.07%)",4.96,"[3.65, 6.27]",0.099,<.001
2015,Health,"2,835","2,414","1,405 (49.56%)","1,097 (45.44%)",4.12,"[1.41, 6.82]",0.082,0.003
2015,Medi,"2,612","3,437","1,247 (47.74%)","1,596 (46.44%)",1.31,"[-1.23, 3.84]",0.026,0.323
2015,Bio,"4,720","6,485","2,642 (55.97%)","3,538 (54.56%)",1.42,"[-0.45, 3.28]",0.029,0.139
2015,ChemS,"2,925","5,364",717 (24.51%),"1,274 (23.75%)",0.76,"[-1.15, 2.71]",0.018,0.451
2015,Com,"1,114","3,095",135 (12.12%),390 (12.60%),-0.48,"[-2.64, 1.85]",-0.015,0.711
2015,Earth,"2,197","4,032",709 (32.27%),"1,087 (26.96%)",5.31,"[2.94, 7.71]",0.116,<.001
2015,Math,640,"1,649",92 (14.37%),272 (16.49%),-2.12,"[-5.25, 1.27]",-0.059,0.227
2015,Phys,"1,493","4,576",331 (22.17%),"1,160 (25.35%)",-3.18,"[-5.58, -0.67]",-0.075,0.014
2015,Other_nat,252,616,34 (13.49%),72 (11.69%),1.8,"[-2.80, 7.10]",0.054,0.493
2015,Eco,761,"1,316",160 (21.02%),241 (18.31%),2.71,"[-0.79, 6.35]",0.068,0.134
2015,Edu,478,382,185 (38.70%),147 (38.48%),0.22,"[-6.33, 6.72]",0.005,1
2015,Psy,828,550,442 (53.38%),278 (50.55%),2.84,"[-2.54, 8.20]",0.057,0.322
2015,Socio,688,881,310 (45.06%),385 (43.70%),1.36,"[-3.58, 6.30]",0.027,0.609
2015,Other_soc,839,939,309 (36.83%),296 (31.52%),5.31,"[0.89, 9.71]",0.112,0.019
2015,unknown,83,150,25 (30.12%),39 (26.00%),4.12,"[-7.49, 16.45]",0.092,0.541
2015,Total,"40,570","65,301","15,113 (37.25%)","19,708 (30.18%)",7.07,"[6.48, 7.66]",0.15,<.001
2016,Agri,"1,845","2,096",699 (37.89%),658 (31.39%),6.49,"[3.52, 9.46]",0.137,<.001
2016,ChemE,461,973,60 (13.02%),118 (12.13%),0.89,"[-2.65, 4.77]",0.027,0.668
2016,Elec,822,"2,798",35 (4.26%),145 (5.18%),-0.92,"[-2.40, 0.85]",-0.044,0.316
2016,Mater,"1,830","4,072",290 (15.85%),601 (14.76%),1.09,"[-0.87, 3.13]",0.03,0.289
2016,Mech,410,"1,315",21 (5.12%),67 (5.10%),0.03,"[-2.17, 2.82]",0.001,1
2016,Other_eng,"1,573","3,846",209 (13.29%),411 (10.69%),2.6,"[0.71, 4.60]",0.08,0.007
2016,Human,"1,140","1,411",291 (25.53%),341 (24.17%),1.36,"[-2.00, 4.75]",0.031,0.433
2016,Clinic,"9,548","12,192","4,729 (49.53%)","5,455 (44.74%)",4.79,"[3.45, 6.12]",0.096,<.001
2016,Health,"2,667","2,434","1,385 (51.93%)","1,110 (45.60%)",6.33,"[3.58, 9.06]",0.127,<.001
2016,Medi,"2,550","3,342","1,309 (51.33%)","1,561 (46.71%)",4.62,"[2.05, 7.19]",0.093,<.001
2016,Bio,"4,646","6,115","2,666 (57.38%)","3,365 (55.03%)",2.35,"[0.46, 4.24]",0.047,0.015
2016,ChemS,"2,798","5,045",833 (29.77%),"1,491 (29.55%)",0.22,"[-1.88, 2.34]",0.005,0.857
2016,Com,"1,102","3,188",147 (13.34%),464 (14.55%),-1.22,"[-3.48, 1.23]",-0.035,0.342
2016,Earth,"2,238","4,104",768 (34.32%),"1,079 (26.29%)",8.02,"[5.65, 10.42]",0.175,<.001
2016,Math,608,"1,598",91 (14.97%),291 (18.21%),-3.24,"[-6.52, 0.31]",-0.087,0.078
2016,Phys,"1,445","4,228",369 (25.54%),"1,211 (28.64%)",-3.11,"[-5.69, -0.43]",-0.07,0.023
2016,Other_nat,246,618,36 (14.63%),81 (13.11%),1.53,"[-3.30, 7.05]",0.044,0.582
2016,Eco,692,"1,084",165 (23.84%),280 (25.83%),-1.99,"[-6.03, 2.18]",-0.046,0.369
2016,Edu,449,330,195 (43.43%),140 (42.42%),1.01,"[-6.02, 7.97]",0.02,0.826
2016,Psy,696,490,399 (57.33%),282 (57.55%),-0.22,"[-5.90, 5.49]",-0.005,0.952
2016,Socio,684,746,316 (46.20%),331 (44.37%),1.83,"[-3.33, 6.97]",0.037,0.49
2016,Other_soc,769,867,322 (41.87%),322 (37.14%),4.73,"[-0.01, 9.46]",0.097,0.054
2016,unknown,139,213,50 (35.97%),67 (31.46%),4.52,"[-5.42, 14.64]",0.096,0.418
2016,Total,"39,358","63,105","15,385 (39.09%)","19,871 (31.49%)",7.6,"[7.00, 8.20]",0.159,<.001
