Subgroup type,Subgroup,Pred. Prob. (p.p.) [95% CI] Female,Pred. Prob. (p.p.) [95% CI] Male,Gender Gap [95% CI] Δ (F-M),Gender Gap [95% CI] F/M Ratio,Effect Size Cohen's d,Effect Size Cliff's δ,p,Female 95% CI,Male 95% CI,Δ (F-M) 95% CI
Panel A: Cohort Year,2012,0.326,0.826,-0.499,0.395,-0.441,-0.508,<.001,"[0.324, 0.329]","[0.822, 0.829]","[-0.503, -0.495]"
Panel A: Cohort Year,2013,0.531,1.132,-0.601,0.469,-0.446,-0.413,<.001,"[0.529, 0.534]","[1.128, 1.136]","[-0.606, -0.596]"
Panel A: Cohort Year,2014,0.736,1.331,-0.595,0.553,-0.394,-0.316,<.001,"[0.733, 0.739]","[1.326, 1.336]","[-0.600, -0.589]"
Panel A: Cohort Year,2015,0.981,1.682,-0.702,0.583,-0.397,-0.285,<.001,"[0.977, 0.984]","[1.677, 1.688]","[-0.708, -0.695]"
Panel A: Cohort Year,2016,1.272,1.928,-0.656,0.660,-0.331,-0.208,<.001,"[1.268, 1.276]","[1.922, 1.934]","[-0.663, -0.649]"
Panel B: Discipline,Agriculture,1.056,1.694,-0.638,0.623,-0.402,-0.335,<.001,"[1.053, 1.059]","[1.690, 1.699]","[-0.644, -0.632]"
Panel B: Discipline,Biology,0.834,1.660,-0.826,0.502,-0.544,-0.483,<.001,"[0.831, 0.837]","[1.655, 1.665]","[-0.831, -0.820]"
Panel B: Discipline,Chemical Engineering,0.151,0.477,-0.327,0.316,-0.366,-0.741,<.001,"[0.149, 0.153]","[0.475, 0.480]","[-0.330, -0.323]"
Panel B: Discipline,Chemistry,0.459,0.670,-0.211,0.685,-0.201,-0.262,<.001,"[0.457, 0.462]","[0.667, 0.673]","[-0.215, -0.207]"
Panel B: Discipline,Clinical Medicine,0.523,1.004,-0.481,0.521,-0.406,-0.457,<.001,"[0.520, 0.525]","[1.001, 1.008]","[-0.486, -0.477]"
Panel B: Discipline,Communication,1.046,1.464,-0.418,0.714,-0.279,-0.234,<.001,"[1.042, 1.049]","[1.459, 1.468]","[-0.424, -0.413]"
Panel B: Discipline,Earth Sciences,1.350,2.044,-0.693,0.661,-0.384,-0.294,<.001,"[1.346, 1.354]","[2.038, 2.049]","[-0.700, -0.687]"
Panel B: Discipline,Economics,1.081,1.677,-0.596,0.645,-0.375,-0.311,<.001,"[1.077, 1.084]","[1.672, 1.681]","[-0.602, -0.590]"
Panel B: Discipline,Education,1.579,2.771,-1.192,0.570,-0.551,-0.404,<.001,"[1.575, 1.584]","[2.765, 2.778]","[-1.200, -1.184]"
Panel B: Discipline,Electrical Engineering,0.192,0.299,-0.107,0.642,-0.127,-0.311,<.001,"[0.190, 0.194]","[0.297, 0.301]","[-0.110, -0.104]"
Panel B: Discipline,Health Sciences,0.988,2.013,-1.025,0.491,-0.602,-0.500,<.001,"[0.985, 0.991]","[2.008, 2.018]","[-1.031, -1.019]"
Panel B: Discipline,Humanities,1.473,2.853,-1.380,0.516,-0.635,-0.471,<.001,"[1.469, 1.477]","[2.846, 2.860]","[-1.388, -1.372]"
Panel B: Discipline,Materials Science,0.267,0.559,-0.292,0.477,-0.305,-0.514,<.001,"[0.265, 0.269]","[0.556, 0.562]","[-0.296, -0.289]"
Panel B: Discipline,Mathematics,0.372,0.749,-0.377,0.497,-0.358,-0.488,<.001,"[0.370, 0.374]","[0.746, 0.752]","[-0.381, -0.373]"
Panel B: Discipline,Mechanical Engineering,0.296,0.584,-0.288,0.507,-0.295,-0.474,<.001,"[0.294, 0.299]","[0.581, 0.587]","[-0.291, -0.284]"
Panel B: Discipline,Medicine,0.592,1.231,-0.639,0.481,-0.496,-0.510,<.001,"[0.589, 0.595]","[1.228, 1.235]","[-0.644, -0.635]"
Panel B: Discipline,Other Engineering,0.582,0.910,-0.328,0.640,-0.281,-0.313,<.001,"[0.579, 0.585]","[0.906, 0.913]","[-0.332, -0.323]"
Panel B: Discipline,Other Natural Sciences,0.547,1.290,-0.743,0.424,-0.571,-0.587,<.001,"[0.544, 0.549]","[1.286, 1.294]","[-0.748, -0.738]"
Panel B: Discipline,Other Social Sciences,1.953,3.400,-1.447,0.574,-0.574,-0.401,<.001,"[1.948, 1.958]","[3.392, 3.408]","[-1.456, -1.438]"
Panel B: Discipline,Physics,0.410,0.600,-0.189,0.685,-0.187,-0.263,<.001,"[0.408, 0.413]","[0.597, 0.602]","[-0.193, -0.185]"
Panel B: Discipline,Psychology,1.192,2.300,-1.108,0.518,-0.592,-0.466,<.001,"[1.188, 1.195]","[2.294, 2.306]","[-1.115, -1.101]"
Panel B: Discipline,Sociology,2.700,4.904,-2.203,0.551,-0.662,-0.438,<.001,"[2.694, 2.706]","[4.893, 4.914]","[-2.216, -2.191]"
Panel B: Discipline,Unknown Discipline,0.499,1.416,-0.917,0.353,-0.682,-0.687,<.001,"[0.497, 0.502]","[1.412, 1.420]","[-0.922, -0.912]"
Panel C: Journal Rank (Quartile),Q1,0.851,1.556,-0.706,0.547,-0.416,-0.349,<.001,"[0.848, 0.854]","[1.551, 1.562]","[-0.712, -0.699]"
Panel C: Journal Rank (Quartile),Q2,0.700,1.170,-0.469,0.599,-0.326,-0.294,<.001,"[0.697, 0.703]","[1.165, 1.174]","[-0.475, -0.464]"
Panel C: Journal Rank (Quartile),Q3,0.517,0.914,-0.397,0.565,-0.319,-0.327,<.001,"[0.514, 0.519]","[0.910, 0.918]","[-0.402, -0.393]"
Panel C: Journal Rank (Quartile),Q4,0.332,0.823,-0.491,0.404,-0.430,-0.510,<.001,"[0.330, 0.334]","[0.819, 0.826]","[-0.495, -0.486]"
Panel D: Prior Publication Count,0,0.651,1.230,-0.579,0.529,-0.380,-0.347,<.001,"[0.648, 0.654]","[1.226, 1.235]","[-0.585, -0.574]"
Panel D: Prior Publication Count,1,0.916,1.575,-0.659,0.581,-0.363,-0.296,<.001,"[0.912, 0.919]","[1.569, 1.580]","[-0.666, -0.653]"
Panel D: Prior Publication Count,2+,1.038,1.751,-0.713,0.593,-0.363,-0.286,<.001,"[1.034, 1.042]","[1.745, 1.757]","[-0.720, -0.706]"
