Cohort,Discipline,n_F,n_M,mentioned_F,mentioned_M,selfpromoted_F,selfpromoted_M
2012,Agri,2430,2843,610,555,13,30
2012,ChemE,418,820,25,46,0,1
2012,Elec,662,2652,15,73,0,4
2012,Mater,1771,4430,131,297,2,5
2012,Mech,330,1200,3,33,0,3
2012,Other_eng,1392,3492,132,244,3,13
2012,Human,1281,1606,228,260,24,36
2012,Clinic,11652,14073,3858,3973,47,76
2012,Health,3363,2530,1319,874,37,43
2012,Medi,3230,3786,942,988,10,22
2012,Bio,6596,8297,2049,2616,26,80
2012,ChemS,3374,6252,557,1042,3,27
2012,Com,1352,4543,111,319,10,26
2012,Earth,2574,4155,469,676,16,55
2012,Math,759,2157,66,177,1,8
2012,Phys,2147,6752,216,903,1,19
2012,Other_nat,229,678,12,41,0,4
2012,Eco,860,1483,157,236,6,17
2012,Edu,573,428,178,117,9,14
2012,Psy,1109,698,459,258,16,17
2012,Socio,897,1059,297,340,24,50
2012,Other_soc,887,1082,258,240,16,24
2012,unknown,58,112,11,20,1,0
2012,Total,47944,75128,12103,14328,265,574
2013,Agri,2591,2793,771,708,26,26
2013,ChemE,372,777,26,44,0,2
2013,Elec,821,3009,20,97,1,2
2013,Mater,1782,4058,192,370,4,8
2013,Mech,348,1413,12,46,1,4
2013,Other_eng,1435,3830,152,327,8,21
2013,Human,1278,1719,240,307,19,53
2013,Clinic,11650,14301,4574,4781,72,138
2013,Health,3248,2511,1444,1013,37,65
2013,Medi,3315,3989,1157,1281,24,45
2013,Bio,6448,8454,2493,3276,59,122
2013,ChemS,3226,6185,605,1156,8,17
2013,Com,1248,3894,120,314,14,32
2013,Earth,2487,4330,573,883,30,75
2013,Math,655,2031,64,212,1,12
2013,Phys,1979,5825,271,931,5,17
2013,Other_nat,241,610,25,50,4,3
2013,Eco,820,1425,170,265,15,21
2013,Edu,499,384,177,115,16,8
2013,Psy,995,659,461,315,15,30
2013,Socio,807,976,294,383,43,69
2013,Other_soc,880,1032,243,273,22,38
2013,unknown,119,216,20,14,0,2
2013,Total,47244,74421,14104,17161,424,810
2014,Agri,2072,2382,677,722,31,41
2014,ChemE,430,941,44,103,0,2
2014,Elec,811,3033,47,162,1,6
2014,Mater,1775,4021,200,413,5,14
2014,Mech,416,1464,25,54,0,1
2014,Other_eng,1420,3725,167,347,5,21
2014,Human,1241,1583,296,334,42,54
2014,Clinic,10896,13705,4939,5425,108,144
2014,Health,2864,2542,1343,1104,47,65
2014,Medi,2964,3730,1197,1399,21,40
2014,Bio,5637,7427,2662,3444,61,129
2014,ChemS,3142,5956,669,1318,8,19
2014,Com,1185,3630,130,405,9,39
2014,Earth,2322,4334,619,1008,56,89
2014,Math,702,1841,89,238,1,4
2014,Phys,1707,5166,396,1196,4,35
2014,Other_nat,207,578,29,56,3,7
2014,Eco,815,1262,182,252,12,20
2014,Edu,483,379,191,135,13,17
2014,Psy,895,570,430,291,21,21
2014,Socio,803,908,316,354,51,65
2014,Other_soc,820,1001,265,284,32,50
2014,unknown,68,132,11,37,2,2
2014,Total,43675,70310,14924,19081,533,885
2015,Agri,1915,2282,701,736,25,42
2015,ChemE,492,989,39,113,1,2
2015,Elec,845,2831,43,137,1,3
2015,Mater,1798,3920,226,470,0,17
2015,Mech,407,1372,17,60,2,3
2015,Other_eng,1488,4007,181,423,11,24
2015,Human,1229,1447,294,359,47,71
2015,Clinic,9931,12567,4869,5538,129,210
2015,Health,2835,2414,1405,1097,72,66
2015,Medi,2612,3437,1247,1596,25,44
2015,Bio,4720,6485,2642,3538,70,147
2015,ChemS,2925,5364,717,1274,17,29
2015,Com,1114,3095,135,390,6,37
2015,Earth,2197,4032,709,1087,55,88
2015,Math,640,1649,92,272,4,13
2015,Phys,1493,4576,331,1160,8,22
2015,Other_nat,252,616,34,72,0,6
2015,Eco,761,1316,160,241,10,24
2015,Edu,478,382,185,147,21,17
2015,Psy,828,550,442,278,45,26
2015,Socio,688,881,310,385,55,83
2015,Other_soc,839,939,309,296,42,51
2015,unknown,83,150,25,39,0,0
2015,Total,40570,65301,14841,19022,546,925
2016,Agri,1845,2096,699,658,52,39
2016,ChemE,461,973,60,118,1,5
2016,Elec,822,2798,35,145,2,7
2016,Mater,1830,4072,290,601,5,17
2016,Mech,410,1315,21,67,0,6
2016,Other_eng,1573,3846,209,411,11,34
2016,Human,1140,1411,291,341,46,76
2016,Clinic,9548,12192,4729,5455,141,202
2016,Health,2667,2434,1385,1110,89,78
2016,Medi,2550,3342,1309,1561,38,55
2016,Bio,4646,6115,2666,3365,118,166
2016,ChemS,2798,5045,833,1491,21,38
2016,Com,1102,3188,147,464,13,48
2016,Earth,2238,4104,768,1079,60,84
2016,Math,608,1598,91,291,3,13
2016,Phys,1445,4228,369,1211,11,32
2016,Other_nat,246,618,36,81,0,4
2016,Eco,692,1084,165,280,18,36
2016,Edu,449,330,195,140,22,16
2016,Psy,696,490,399,282,32,23
2016,Socio,684,746,316,331,52,72
2016,Other_soc,769,867,322,322,49,54
2016,unknown,139,213,50,67,0,4
2016,Total,39358,63105,15385,19871,784,1109
