Cohort,Discipline,No. authors F,No. authors M,No. self-promoted authors F,No. self-promoted authors M,No. self-promoted authors Diff. (F-M) (%),No. self-promoted authors 95% CI,No. self-promoted authors Cohen's h,No. self-promoted authors Exact p
2012,Agri,"2,430","2,843",13 (0.53%),30 (1.06%),-0.52,"[-1.02, -0.03]",-0.059,0.045
2012,ChemE,418,820,0 (0.00%),1 (0.12%),-0.12,"[-0.69, 0.79]",-0.070,1.000
2012,Elec,662,"2,652",0 (0.00%),4 (0.15%),-0.15,"[-0.39, 0.43]",-0.078,1.000
2012,Mater,"1,771","4,430",2 (0.11%),5 (0.11%),0.00,"[-0.17, 0.30]",0.000,1.000
2012,Mech,330,"1,200",0 (0.00%),3 (0.25%),-0.25,"[-0.73, 0.91]",-0.100,1.000
2012,Other_eng,"1,392","3,492",3 (0.22%),13 (0.37%),-0.16,"[-0.46, 0.29]",-0.029,0.580
2012,Human,"1,281","1,606",24 (1.87%),36 (2.24%),-0.37,"[-1.41, 0.72]",-0.026,0.514
2012,Clinic,"11,652","14,073",47 (0.40%),76 (0.54%),-0.14,"[-0.30, 0.03]",-0.020,0.123
2012,Health,"3,363","2,530",37 (1.10%),43 (1.70%),-0.60,"[-1.25, 0.00]",-0.051,0.053
2012,Medi,"3,230","3,786",10 (0.31%),22 (0.58%),-0.27,"[-0.60, 0.05]",-0.041,0.110
2012,Bio,"6,596","8,297",26 (0.39%),80 (0.96%),-0.57,"[-0.84, -0.31]",-0.071,<.001
2012,ChemS,"3,374","6,252",3 (0.09%),27 (0.43%),-0.34,"[-0.55, -0.12]",-0.072,0.003
2012,Com,"1,352","4,543",10 (0.74%),26 (0.57%),0.17,"[-0.26, 0.81]",0.021,0.550
2012,Earth,"2,574","4,155",16 (0.62%),55 (1.32%),-0.70,"[-1.16, -0.21]",-0.073,0.007
2012,Math,759,"2,157",1 (0.13%),8 (0.37%),-0.24,"[-0.61, 0.40]",-0.049,0.461
2012,Phys,"2,147","6,752",1 (0.05%),19 (0.28%),-0.23,"[-0.40, 0.00]",-0.063,0.062
2012,Other_nat,229,678,0 (0.00%),4 (0.59%),-0.59,"[-1.51, 1.10]",-0.154,0.577
2012,Eco,860,"1,483",6 (0.70%),17 (1.15%),-0.45,"[-1.23, 0.47]",-0.047,0.386
2012,Edu,573,428,9 (1.57%),14 (3.27%),-1.70,"[-3.97, 0.21]",-0.112,0.089
2012,Psy,"1,109",698,16 (1.44%),17 (2.44%),-0.99,"[-2.53, 0.28]",-0.073,0.149
2012,Socio,897,"1,059",24 (2.68%),50 (4.72%),-2.05,"[-3.74, -0.35]",-0.109,0.023
2012,Other_soc,887,"1,082",16 (1.80%),24 (2.22%),-0.41,"[-1.68, 0.91]",-0.030,0.631
2012,unknown,58,112,1 (1.72%),0 (0.00%),1.72,"[-1.88, 9.14]",0.263,0.341
2012,Total,"47,944","75,128",265 (0.55%),574 (0.76%),-0.21,"[-0.30, -0.12]",-0.026,<.001
2013,Agri,"2,591","2,793",26 (1.00%),26 (0.93%),0.07,"[-0.46, 0.62]",0.007,0.889
2013,ChemE,372,777,0 (0.00%),2 (0.26%),-0.26,"[-0.93, 0.78]",-0.102,1.000
2013,Elec,821,"3,009",1 (0.12%),2 (0.07%),0.06,"[-0.15, 0.62]",0.018,0.515
2013,Mater,"1,782","4,058",4 (0.22%),8 (0.20%),0.03,"[-0.21, 0.39]",0.006,0.764
2013,Mech,348,"1,413",1 (0.29%),4 (0.28%),0.00,"[-0.50, 1.34]",0.001,1.000
2013,Other_eng,"1,435","3,830",8 (0.56%),21 (0.55%),0.01,"[-0.39, 0.58]",0.001,1.000
2013,Human,"1,278","1,719",19 (1.49%),53 (3.08%),-1.60,"[-2.67, -0.50]",-0.109,0.005
2013,Clinic,"11,650","14,301",72 (0.62%),138 (0.96%),-0.35,"[-0.56, -0.13]",-0.039,0.002
2013,Health,"3,248","2,511",37 (1.14%),65 (2.59%),-1.45,"[-2.21, -0.75]",-0.109,<.001
2013,Medi,"3,315","3,989",24 (0.72%),45 (1.13%),-0.40,"[-0.85, 0.05]",-0.042,0.089
2013,Bio,"6,448","8,454",59 (0.92%),122 (1.44%),-0.53,"[-0.87, -0.18]",-0.049,0.004
2013,ChemS,"3,226","6,185",8 (0.25%),17 (0.27%),-0.03,"[-0.23, 0.23]",-0.005,1.000
2013,Com,"1,248","3,894",14 (1.12%),32 (0.82%),0.30,"[-0.26, 1.09]",0.031,0.306
2013,Earth,"2,487","4,330",30 (1.21%),75 (1.73%),-0.53,"[-1.09, 0.09]",-0.044,0.102
2013,Math,655,"2,031",1 (0.15%),12 (0.59%),-0.44,"[-0.89, 0.31]",-0.076,0.208
2013,Phys,"1,979","5,825",5 (0.25%),17 (0.29%),-0.04,"[-0.27, 0.32]",-0.008,1.000
2013,Other_nat,241,610,4 (1.66%),3 (0.49%),1.17,"[-0.22, 3.72]",0.118,0.104
2013,Eco,820,"1,425",15 (1.83%),21 (1.47%),0.36,"[-0.70, 1.63]",0.028,0.601
2013,Edu,499,384,16 (3.21%),8 (2.08%),1.12,"[-1.20, 3.32]",0.070,0.405
2013,Psy,995,659,15 (1.51%),30 (4.55%),-3.04,"[-5.01, -1.39]",-0.184,<.001
2013,Socio,807,976,43 (5.33%),69 (7.07%),-1.74,"[-3.98, 0.55]",-0.072,0.142
2013,Other_soc,880,"1,032",22 (2.50%),38 (3.68%),-1.18,"[-2.76, 0.42]",-0.069,0.149
2013,unknown,119,216,0 (0.00%),2 (0.93%),-0.93,"[-3.31, 2.27]",-0.193,0.541
2013,Total,"47,244","74,421",424 (0.90%),810 (1.09%),-0.19,"[-0.30, -0.08]",-0.019,0.001
2014,Agri,"2,072","2,382",31 (1.50%),41 (1.72%),-0.23,"[-0.97, 0.54]",-0.018,0.634
2014,ChemE,430,941,0 (0.00%),2 (0.21%),-0.21,"[-0.77, 0.69]",-0.092,1.000
2014,Elec,811,"3,033",1 (0.12%),6 (0.20%),-0.07,"[-0.33, 0.51]",-0.019,1.000
2014,Mater,"1,775","4,021",5 (0.28%),14 (0.35%),-0.07,"[-0.35, 0.34]",-0.012,0.807
2014,Mech,416,"1,464",0 (0.00%),1 (0.07%),-0.07,"[-0.39, 0.85]",-0.052,1.000
2014,Other_eng,"1,420","3,725",5 (0.35%),21 (0.56%),-0.21,"[-0.57, 0.30]",-0.032,0.389
2014,Human,"1,241","1,583",42 (3.38%),54 (3.41%),-0.03,"[-1.36, 1.37]",-0.001,1.000
2014,Clinic,"10,896","13,705",108 (0.99%),144 (1.05%),-0.06,"[-0.31, 0.20]",-0.006,0.656
2014,Health,"2,864","2,542",47 (1.64%),65 (2.56%),-0.92,"[-1.71, -0.15]",-0.064,0.021
2014,Medi,"2,964","3,730",21 (0.71%),40 (1.07%),-0.36,"[-0.82, 0.10]",-0.039,0.154
2014,Bio,"5,637","7,427",61 (1.08%),129 (1.74%),-0.65,"[-1.06, -0.25]",-0.056,0.002
2014,ChemS,"3,142","5,956",8 (0.25%),19 (0.32%),-0.06,"[-0.28, 0.21]",-0.012,0.688
2014,Com,"1,185","3,630",9 (0.76%),39 (1.07%),-0.31,"[-0.85, 0.42]",-0.033,0.403
2014,Earth,"2,322","4,334",56 (2.41%),89 (2.05%),0.36,"[-0.36, 1.16]",0.024,0.334
2014,Math,702,"1,841",1 (0.14%),4 (0.22%),-0.07,"[-0.43, 0.60]",-0.018,1.000
2014,Phys,"1,707","5,166",4 (0.23%),35 (0.68%),-0.44,"[-0.74, -0.03]",-0.068,0.039
2014,Other_nat,207,578,3 (1.45%),7 (1.21%),0.24,"[-1.35, 3.03]",0.021,0.729
2014,Eco,815,"1,262",12 (1.47%),20 (1.58%),-0.11,"[-1.17, 1.11]",-0.009,1.000
2014,Edu,483,379,13 (2.69%),17 (4.49%),-1.79,"[-4.60, 0.70]",-0.097,0.190
2014,Psy,895,570,21 (2.35%),21 (3.68%),-1.34,"[-3.39, 0.41]",-0.079,0.149
2014,Socio,803,908,51 (6.35%),65 (7.16%),-0.81,"[-3.19, 1.62]",-0.032,0.563
2014,Other_soc,820,"1,001",32 (3.90%),50 (5.00%),-1.09,"[-2.99, 0.86]",-0.053,0.307
2014,unknown,68,132,2 (2.94%),2 (1.52%),1.43,"[-2.97, 8.67]",0.098,0.606
2014,Total,"43,675","70,310",533 (1.22%),885 (1.26%),-0.04,"[-0.17, 0.10]",-0.003,0.583
2015,Agri,"1,915","2,282",25 (1.31%),42 (1.84%),-0.54,"[-1.30, 0.24]",-0.043,0.176
2015,ChemE,492,989,1 (0.20%),2 (0.20%),0.00,"[-0.56, 0.95]",0.000,1.000
2015,Elec,845,"2,831",1 (0.12%),3 (0.11%),0.01,"[-0.21, 0.57]",0.004,1.000
2015,Mater,"1,798","3,920",0 (0.00%),17 (0.43%),-0.43,"[-0.69, -0.17]",-0.132,0.003
2015,Mech,407,"1,372",2 (0.49%),3 (0.22%),0.27,"[-0.28, 1.56]",0.047,0.322
2015,Other_eng,"1,488","4,007",11 (0.74%),24 (0.60%),0.14,"[-0.30, 0.75]",0.017,0.569
2015,Human,"1,229","1,447",47 (3.82%),71 (4.91%),-1.08,"[-2.63, 0.50]",-0.053,0.187
2015,Clinic,"9,931","12,567",129 (1.30%),210 (1.67%),-0.37,"[-0.69, -0.05]",-0.031,0.024
2015,Health,"2,835","2,414",72 (2.54%),66 (2.73%),-0.19,"[-1.09, 0.67]",-0.012,0.666
2015,Medi,"2,612","3,437",25 (0.96%),44 (1.28%),-0.32,"[-0.86, 0.23]",-0.031,0.272
2015,Bio,"4,720","6,485",70 (1.48%),147 (2.27%),-0.78,"[-1.28, -0.27]",-0.058,0.003
2015,ChemS,"2,925","5,364",17 (0.58%),29 (0.54%),0.04,"[-0.28, 0.42]",0.005,0.877
2015,Com,"1,114","3,095",6 (0.54%),37 (1.20%),-0.66,"[-1.19, 0.05]",-0.072,0.080
2015,Earth,"2,197","4,032",55 (2.50%),88 (2.18%),0.32,"[-0.44, 1.17]",0.021,0.426
2015,Math,640,"1,649",4 (0.62%),13 (0.79%),-0.16,"[-0.84, 0.86]",-0.020,0.793
2015,Phys,"1,493","4,576",8 (0.54%),22 (0.48%),0.06,"[-0.31, 0.60]",0.008,0.832
2015,Other_nat,252,616,0 (0.00%),6 (0.97%),-0.97,"[-2.11, 0.62]",-0.198,0.189
2015,Eco,761,"1,316",10 (1.31%),24 (1.82%),-0.51,"[-1.57, 0.73]",-0.041,0.474
2015,Edu,478,382,21 (4.39%),17 (4.45%),-0.06,"[-3.03, 2.72]",-0.003,1.000
2015,Psy,828,550,45 (5.43%),26 (4.73%),0.71,"[-1.80, 3.01]",0.032,0.620
2015,Socio,688,881,55 (7.99%),83 (9.42%),-1.43,"[-4.20, 1.44]",-0.051,0.369
2015,Other_soc,839,939,42 (5.01%),51 (5.43%),-0.43,"[-2.51, 1.69]",-0.019,0.749
2015,unknown,83,150,0 (0.00%),0 (0.00%),0.00,"[-2.50, 4.42]",0.000,1.000
2015,Total,"40,570","65,301",546 (1.35%),925 (1.42%),-0.07,"[-0.21, 0.08]",-0.006,0.345
2016,Agri,"1,845","2,096",52 (2.82%),39 (1.86%),0.96,"[0.01, 1.95]",0.064,0.055
2016,ChemE,461,973,1 (0.22%),5 (0.51%),-0.30,"[-1.00, 0.75]",-0.050,0.671
2016,Elec,822,"2,798",2 (0.24%),7 (0.25%),-0.01,"[-0.33, 0.65]",-0.001,1.000
2016,Mater,"1,830","4,072",5 (0.27%),17 (0.42%),-0.14,"[-0.44, 0.25]",-0.025,0.494
2016,Mech,410,"1,315",0 (0.00%),6 (0.46%),-0.46,"[-0.99, 0.50]",-0.135,0.346
2016,Other_eng,"1,573","3,846",11 (0.70%),34 (0.88%),-0.18,"[-0.65, 0.42]",-0.021,0.621
2016,Human,"1,140","1,411",46 (4.04%),76 (5.39%),-1.35,"[-2.99, 0.33]",-0.064,0.114
2016,Clinic,"9,548","12,192",141 (1.48%),202 (1.66%),-0.18,"[-0.51, 0.16]",-0.015,0.298
2016,Health,"2,667","2,434",89 (3.34%),78 (3.20%),0.13,"[-0.86, 1.11]",0.007,0.814
2016,Medi,"2,550","3,342",38 (1.49%),55 (1.65%),-0.16,"[-0.79, 0.51]",-0.013,0.674
2016,Bio,"4,646","6,115",118 (2.54%),166 (2.71%),-0.17,"[-0.78, 0.45]",-0.011,0.585
2016,ChemS,"2,798","5,045",21 (0.75%),38 (0.75%),-0.00,"[-0.38, 0.44]",-0.000,1.000
2016,Com,"1,102","3,188",13 (1.18%),48 (1.51%),-0.33,"[-1.01, 0.58]",-0.028,0.555
2016,Earth,"2,238","4,104",60 (2.68%),84 (2.05%),0.63,"[-0.13, 1.48]",0.042,0.112
2016,Math,608,"1,598",3 (0.49%),13 (0.81%),-0.32,"[-0.98, 0.69]",-0.040,0.579
2016,Phys,"1,445","4,228",11 (0.76%),32 (0.76%),0.00,"[-0.45, 0.64]",0.001,1.000
2016,Other_nat,246,618,0 (0.00%),4 (0.65%),-0.65,"[-1.65, 0.94]",-0.161,0.582
2016,Eco,692,"1,084",18 (2.60%),36 (3.32%),-0.72,"[-2.28, 1.01]",-0.043,0.479
2016,Edu,449,330,22 (4.90%),16 (4.85%),0.05,"[-3.27, 3.08]",0.002,1.000
2016,Psy,696,490,32 (4.60%),23 (4.69%),-0.10,"[-2.71, 2.29]",-0.005,1.000
2016,Socio,684,746,52 (7.60%),72 (9.65%),-2.05,"[-4.97, 0.89]",-0.073,0.188
2016,Other_soc,769,867,49 (6.37%),54 (6.23%),0.14,"[-2.22, 2.56]",0.006,0.919
2016,unknown,139,213,0 (0.00%),4 (1.88%),-1.88,"[-4.73, 1.05]",-0.275,0.156
2016,Total,"39,358","63,105",784 (1.99%),"1,109 (1.76%)",0.23,"[0.06, 0.41]",0.017,0.007
