"","X.1","X","Unnamed..0","author_id","cohort","gender","discipline","doi_lower","pubyear","Jr_Quantile","n_ctr","n_aff","n_colla_ctr","n_colla_aff","sequence_nr","Original_Tweets","Original_Tweeters","len_tweet","len_tweeter","with_tw","self_pro_old","self_tw_time","self_text","others_first","searched","academic_age","most_ctr","colla_ctr_Y","colla_aff_Y","n_pub_3y","n_pub_1st","n_pub_2nd","n_pub_3rd","n_pub_pro_1st","n_pub_pro_2nd","n_pub_pro_3rd","seq_nr_grp_1","min_tw_time","first_firstauthor","PUBLICATIONYEAR","PUBLICATIONMONTH","PUBLICATIONDAY","pub_order","pub_before","tw_others_num","tw_only_self","tw_only_others","discipline_new_author","author_cnt","coauthor_pro_count","coauthor_pro","with_coauthor","SocialOutlet_count","Edu_count","SocialOutlet_pro","Edu_pro","soc_or_edu_pro","max_coa_fncr_5y","max_coa_age","uniqle_dis","discipline_new_pub","self_pro","chinese_name","firstauthor_top_100","coauthor_top_100","cit_3_years","cit_5_years","discipline_average_3y_early","discipline_average_5y_early"
"1",1,0,0,55246092400,2012,"male","Natural Sciences","10.1038/nature12373",2013,"Q1",1,1,1,1,1,25,25,26,26,1,0,NA,NA,1,0,2,"usa","N","N",2,1,1,0,0,0,0,"first","2013-07-31",1,2013,NA,NA,2,1,25,0,1,"Other natural sciences",8,0,0,1,1,1,1,1,1,5.792556,18,NA,"Other natural sciences",0,0,1,0,197,430,"7.26104417670683",15.6800535475234
"2",2,1,1,55329472000,2012,"male","Natural Sciences","10.1007/s11434-013-5947-3",2013,"Others",1,1,1,1,1,NA,NA,0,0,0,0,NA,NA,0,0,2,"chn","N","N",2,1,1,0,0,0,0,"first","",1,2013,9,NA,1,0,0,0,0,"Other natural sciences",8,0,0,1,0,0,0,0,0,1.6449877,18,NA,"Other natural sciences",0,NA,0,0,10,22,"7.26104417670683",15.6800535475234
"3",3,2,2,56650822500,2012,"female","Natural Sciences","10.1016/j.jare.2011.03.002",2012,"Q1",1,1,1,1,1,NA,NA,0,0,0,0,NA,NA,0,1,1,"egy","N","N",1,1,0,0,0,0,0,"first","",1,2012,1,NA,1,0,0,0,0,"Other natural sciences",6,0,0,1,0,0,0,0,0,0.61698217,17,NA,"Other natural sciences",0,NA,0,0,0,2,"7.44846796657382",15.8802228412256
"4",4,3,3,56992527400,2012,"male","Natural Sciences","10.1073/pnas.1208732109",2012,"Q1",1,1,1,1,1,2,2,2,2,1,0,NA,NA,1,1,1,"fra","N","N",1,1,0,0,0,0,0,"first","2012-10-23",1,2012,10,23,1,0,2,0,1,"Other natural sciences",3,0,0,1,0,0,0,0,0,0.8717483,14,NA,"Other natural sciences",0,0,0,0,9,19,"7.44846796657382",15.8802228412256
"5",5,4,4,56985757200,2012,"male","Natural Sciences","10.3923/jas.2012.1754.1757",2012,"Q1",1,1,1,1,1,NA,NA,0,0,0,0,NA,NA,0,1,1,"ind","N","N",1,1,0,0,0,0,0,"first","",1,2012,NA,NA,1,0,0,0,0,"Other natural sciences",4,0,0,1,0,0,0,0,0,0.67902825,8,NA,"Other natural sciences",0,NA,0,0,6,11,"7.44846796657382",15.8802228412256
"6",6,5,5,56814188400,2012,"male","Natural Sciences","10.3969/j.issn.0258-2724.2012.05.017",2012,"Q1",1,1,1,1,1,NA,NA,0,0,0,0,NA,NA,0,1,1,"chn","N","N",1,1,0,0,0,0,0,"first","",1,2012,10,NA,1,0,0,0,0,"Other natural sciences",2,0,0,1,0,0,0,0,0,0,1,NA,"Other natural sciences",0,NA,0,0,1,2,"7.44846796657382",15.8802228412256
"7",7,6,6,56785566600,2012,"female","Natural Sciences","10.3844/ajassp.2012.890.893",2012,"Q2",1,1,1,1,1,NA,NA,0,0,0,0,NA,NA,0,1,1,"mys","N","N",1,1,0,0,0,0,0,"first","",1,2012,NA,NA,1,0,0,0,0,"Other natural sciences",2,0,0,1,0,0,0,0,0,0,1,NA,"Other natural sciences",0,NA,0,0,0,1,"7.44846796657382",15.8802228412256
"8",8,7,7,56880171700,2012,"female","Natural Sciences","10.1073/pnas.1118067109",2012,"Q1",1,1,1,1,1,2,1,2,2,1,0,NA,NA,1,1,1,"usa","N","N",1,1,0,0,0,0,0,"first","2012-02-14",1,2012,2,28,1,0,2,0,1,"Other natural sciences",5,0,0,1,2,0,1,0,1,1.03502695,17,NA,"Other natural sciences",0,0,1,0,13,20,"7.44846796657382",15.8802228412256
"9",9,8,8,56121060200,2012,"female","Engineering and Technology","10.5539/mas.v6n11p1",2012,"Q3",1,1,1,1,1,NA,NA,0,0,0,0,NA,NA,0,1,1,"mys","N","N",1,1,0,0,0,0,0,"first","",1,2012,11,NA,1,0,0,0,0,"Other engineering and technologies",4,0,0,1,0,0,0,0,0,0.28428975,15,NA,"Other engineering and technologies",0,NA,0,0,0,1,"5.45135275754422",11.9086888657648
"10",10,9,9,56333143700,2012,"female","Natural Sciences","10.1109/tst.2012.6374369",2012,"Q3",2,2,2,2,1,NA,NA,0,0,0,0,NA,NA,0,1,1,"usa","Y","Y",2,1,0,1,0,0,0,"first","",1,2012,NA,NA,1,0,0,0,0,"Other natural sciences",4,0,0,1,0,0,0,0,0,0.8480724,12,NA,"Other natural sciences",0,NA,0,0,13,20,"7.44846796657382",15.8802228412256
"11",11,10,10,55628135600,2012,"male","Natural Sciences","10.1073/pnas.1220162110",2013,"Q1",1,1,1,1,1,2,2,2,2,1,0,NA,NA,1,0,2,"usa","N","N",2,1,1,0,0,0,0,"first","2013-03-19",1,2013,3,19,2,1,2,0,1,"Other natural sciences",7,0,0,1,0,0,0,0,0,2.64510145,18,NA,"Other natural sciences",0,1,1,0,28,60,"7.26104417670683",15.6800535475234
"12",12,11,11,56070549900,2012,"male","Natural Sciences","10.1007/s11434-012-4991-8",2012,"Others",1,3,1,3,1,NA,NA,0,0,0,0,NA,NA,0,1,1,"chn","N","Y",1,1,0,0,0,0,0,"first","",1,2012,5,NA,1,0,0,0,0,"Other natural sciences",4,0,0,1,0,0,0,0,0,1.0237681,14,NA,"Other natural sciences",0,NA,0,0,8,36,"7.44846796657382",15.8802228412256
"13",13,12,12,55989904600,2012,"female","Medical and Health Sciences","10.1073/pnas.1214107109",2012,"Q1",1,1,1,1,1,4,4,4,4,1,0,NA,NA,1,1,1,"usa","N","N",1,1,0,0,0,0,0,"first","2012-11-07",1,2012,11,20,1,0,4,0,1,"Health sciences",6,0,0,1,0,0,0,0,0,2.4267191,16,NA,"Health sciences",0,0,0,0,37,81,"4.05312566673779",8.89545551525496
"14",14,13,13,56019298600,2012,"female","Social Sciences","10.5829/idosi.wasj.2012.20.10.222013",2012,"Q3",1,1,1,1,1,NA,NA,0,0,0,0,NA,NA,0,1,1,"rus","N","N",2,1,0,1,0,0,0,"first","",1,2012,NA,NA,1,0,0,0,0,"Other social sciences",1,0,0,0,0,0,0,0,0,0,1,NA,"Other social sciences",0,NA,0,0,1,1,"2.31572969903464",5.48381601362862
"15",15,14,14,56510650800,2012,"female","Natural Sciences","10.1007/s11434-011-4917-x",2012,"Others",1,1,1,2,1,NA,NA,0,0,0,0,NA,NA,0,1,1,"chn","N","Y",1,1,0,0,0,0,0,"first","",1,2012,3,NA,1,0,0,0,0,"Other natural sciences",3,0,0,1,0,0,0,0,0,3.140346,13,NA,"Other natural sciences",0,NA,0,0,6,6,"7.44846796657382",15.8802228412256
"16",16,15,15,55341503000,2012,"male","Engineering and Technology","10.5829/idosi.wasj.2012.18.03.401",2012,"Q3",1,1,1,1,1,NA,NA,0,0,0,0,NA,NA,0,0,1,"irn","N","N",2,2,0,0,0,0,0,"first","",1,2012,NA,NA,1,0,0,0,0,"Other engineering and technologies",4,0,0,1,0,0,0,0,0,1.4800967,7,NA,"Other engineering and technologies",0,NA,0,0,0,0,"5.45135275754422",11.9086888657648
"17",17,16,16,56542056600,2012,"male","Natural Sciences","10.1038/srep00398",2012,"Q1",2,2,2,2,1,1,1,1,1,1,0,NA,NA,1,1,1,"can","Y","Y",1,1,0,0,0,0,0,"first","2012-05-08",1,2012,NA,NA,1,0,1,0,1,"Other natural sciences",4,0,0,1,1,0,1,0,1,0.8875967,17,NA,"Other natural sciences",0,1,0,0,9,19,"7.44846796657382",15.8802228412256
"18",18,17,17,55347116200,2012,"male","Natural Sciences","10.1073/pnas.1215367110",2013,"Q1",1,1,1,1,1,3,3,3,3,1,0,NA,NA,1,0,2,"fra","N","N",2,1,1,0,1,0,0,"first","2013-03-15",1,2013,4,2,2,1,3,0,1,"Other natural sciences",7,1,1,1,0,0,0,0,0,2.171448,12,NA,"Other natural sciences",0,0,0,0,23,53,"7.26104417670683",15.6800535475234
"19",19,18,18,55515228600,2012,"male","Natural Sciences","10.5829/idosi.mejsr.2012.12.1.1672",2012,"Others",1,1,1,1,1,NA,NA,0,0,0,0,NA,NA,0,0,1,"mys","N","N",3,2,1,0,0,0,0,"first","",1,2012,NA,NA,1,0,0,0,0,"Other natural sciences",8,0,0,1,0,0,0,0,0,0.084807245,7,NA,"Other natural sciences",0,NA,0,0,1,1,"7.44846796657382",15.8802228412256
"20",20,19,19,55445162800,2012,"female","Social Sciences","10.5829/idosi.mejsr.2012.11.09.22707",2012,"Others",1,1,1,1,1,NA,NA,0,0,0,0,NA,NA,0,0,1,"mys","N","N",3,3,0,0,0,0,0,"first","",1,2012,NA,NA,2,1,0,0,0,"Other social sciences",3,0,0,1,0,0,0,0,0,0.124552086,2,NA,"Other social sciences",0,NA,0,0,0,0,"2.31572969903464",5.48381601362862
"21",21,20,20,57196127488,2012,"female","Medical and Health Sciences","10.1007/s11434-012-5109-z",2012,"Others",1,1,1,1,1,NA,NA,0,0,0,0,NA,NA,0,1,1,"chn","N","N",1,1,0,0,0,0,0,"first","",1,2012,5,NA,1,0,0,0,0,"Health sciences",5,0,0,1,0,0,0,0,0,0.99963826,7,NA,"Health sciences",0,NA,0,0,2,5,"4.05312566673779",8.89545551525496
"22",22,21,21,57195948016,2012,"female","Natural Sciences","10.3969/j.issn.0253-374x.2012.01.019",2012,"Q2",1,1,1,1,1,NA,NA,0,0,0,0,NA,NA,0,1,1,"chn","N","N",1,1,0,0,0,0,0,"first","",1,2012,1,NA,1,0,0,0,0,"Other natural sciences",3,0,0,1,0,0,0,0,0,0.1376096,7,NA,"Other natural sciences",0,NA,0,0,3,4,"7.4484a",NA
