,most_ctr,with_tw,withTW_female,withTW_male,gii,withTW_gender_ratio,self_pro,selfpro_female,selfpro_male,selfpro_gender_ratio,all_female,all_male,all_authors,all_gender_ratio
8,aus,1.0,2849.0,2575.0,0.10914285714285714,1.1064077669902912,1.0,194.0,212.0,0.9150943396226415,6159.0,6887.0,13046.0,0.8942935966313345
9,aut,1.0,270.0,365.0,0.079,0.7397260273972602,1.0,11.0,14.0,0.7857142857142857,765.0,1224.0,1989.0,0.625
11,bel,1.0,439.0,523.0,0.06414285714285714,0.8393881453154876,1.0,19.0,35.0,0.5428571428571428,1103.0,1642.0,2745.0,0.6717417783191231
20,bra,1.0,2461.0,1727.0,0.4311428571428571,1.42501447596989,1.0,29.0,75.0,0.38666666666666666,10366.0,8728.0,19094.0,1.1876718606782768
26,can,1.0,3173.0,3150.0,0.10528571428571429,1.0073015873015874,1.0,155.0,194.0,0.7989690721649485,7000.0,9027.0,16027.0,0.775451423507256
27,che,1.0,801.0,1033.0,0.03928571428571429,0.7754114230396902,1.0,31.0,47.0,0.6595744680851063,1884.0,2666.0,4550.0,0.7066766691672918
28,chl,1.0,117.0,213.0,0.2777142857142857,0.5492957746478874,1.0,6.0,14.0,0.42857142857142855,441.0,847.0,1288.0,0.5206611570247934
29,chn,1.0,8168.0,16351.0,0.19885714285714284,0.49954131245795363,1.0,16.0,45.0,0.35555555555555557,46708.0,104753.0,151461.0,0.4458869913033517
34,col,1.0,103.0,167.0,0.4258571428571428,0.6167664670658682,1.0,1.0,14.0,0.07142857142857142,468.0,795.0,1263.0,0.5886792452830188
40,deu,1.0,2794.0,3526.0,0.08042857142857143,0.7923993193420307,1.0,45.0,168.0,0.26785714285714285,7431.0,11624.0,19055.0,0.639280798348245
42,dnk,1.0,766.0,708.0,0.032857142857142856,1.0819209039548023,1.0,28.0,55.0,0.509090909090909,1633.0,1778.0,3411.0,0.9184476940382452
47,esp,1.0,1770.0,1754.0,0.07485714285714286,1.0091220068415052,1.0,60.0,140.0,0.42857142857142855,5314.0,5915.0,11229.0,0.8983939137785292
50,fin,1.0,301.0,317.0,0.054142857142857145,0.9495268138801262,1.0,20.0,26.0,0.7692307692307693,784.0,997.0,1781.0,0.7863590772316951
53,fra,1.0,1745.0,1989.0,0.09171428571428572,0.877325289089995,1.0,36.0,81.0,0.4444444444444444,5115.0,6879.0,11994.0,0.7435673789795029
56,gbr,1.0,6518.0,7107.0,0.1335714285714286,0.9171239622906993,1.0,771.0,1015.0,0.7596059113300493,12411.0,16168.0,28579.0,0.767627412172192
62,grc,1.0,164.0,184.0,0.12671428571428572,0.8913043478260869,1.0,2.0,11.0,0.18181818181818182,542.0,807.0,1349.0,0.6716232961586122
69,hkg,1.0,334.0,539.0,,0.6196660482374768,1.0,6.0,12.0,0.5,1031.0,2105.0,3136.0,0.4897862232779097
75,ind,1.0,1365.0,2244.0,0.5128571428571428,0.6082887700534759,1.0,29.0,125.0,0.232,7356.0,12954.0,20310.0,0.5678554886521537
76,irl,1.0,487.0,480.0,0.10642857142857143,1.0145833333333334,1.0,37.0,55.0,0.6727272727272727,1040.0,1178.0,2218.0,0.8828522920203735
77,irn,1.0,403.0,512.0,0.5031428571428572,0.787109375,1.0,2.0,12.0,0.16666666666666666,2810.0,5414.0,8224.0,0.5190247506464721
80,isr,1.0,301.0,441.0,0.108,0.6825396825396826,1.0,7.0,22.0,0.3181818181818182,731.0,1213.0,1944.0,0.6026380873866447
81,ita,1.0,1250.0,1065.0,0.07971428571428572,1.1737089201877935,1.0,37.0,75.0,0.49333333333333335,3784.0,3920.0,7704.0,0.9653061224489796
84,jpn,1.0,1641.0,4637.0,0.11271428571428573,0.3538926029760621,1.0,26.0,115.0,0.22608695652173913,5588.0,17854.0,23442.0,0.31298308502296407
88,kor,1.0,1824.0,2894.0,0.06485714285714286,0.6302695231513477,1.0,3.0,19.0,0.15789473684210525,8093.0,15451.0,23544.0,0.5237848682933144
103,mex,1.0,334.0,429.0,0.37928571428571434,0.7785547785547785,1.0,4.0,20.0,0.2,1261.0,1999.0,3260.0,0.6308154077038519
113,mys,1.0,287.0,358.0,0.22814285714285715,0.8016759776536313,1.0,7.0,23.0,0.30434782608695654,1901.0,2873.0,4774.0,0.6616776888270101
118,nld,1.0,1674.0,1321.0,0.03514285714285714,1.267221801665405,1.0,60.0,90.0,0.6666666666666666,3180.0,3285.0,6465.0,0.9680365296803652
119,nor,1.0,439.0,376.0,0.037571428571428575,1.1675531914893618,1.0,20.0,26.0,0.7692307692307693,989.0,1060.0,2049.0,0.9330188679245283
120,npl,1.0,26.0,42.0,0.517,0.6190476190476191,1.0,3.0,12.0,0.25,64.0,121.0,185.0,0.5289256198347108
121,nzl,1.0,352.0,366.0,0.13085714285714284,0.9617486338797814,1.0,22.0,27.0,0.8148148148148148,877.0,1035.0,1912.0,0.8473429951690822
123,pak,1.0,117.0,250.0,0.5684285714285714,0.468,1.0,1.0,17.0,0.058823529411764705,682.0,1553.0,2235.0,0.43915003219575016
128,pol,1.0,291.0,215.0,0.13599999999999998,1.3534883720930233,1.0,3.0,12.0,0.25,1506.0,1498.0,3004.0,1.0053404539385848
131,prt,1.0,561.0,359.0,0.09014285714285715,1.5626740947075208,1.0,5.0,25.0,0.2,1963.0,1499.0,3462.0,1.3095396931287524
140,sau,1.0,88.0,221.0,0.36728571428571427,0.39819004524886875,1.0,5.0,21.0,0.23809523809523808,290.0,988.0,1278.0,0.2935222672064777
143,sgp,1.0,119.0,231.0,0.054,0.5151515151515151,1.0,4.0,16.0,0.25,402.0,925.0,1327.0,0.4345945945945946
151,swe,1.0,746.0,724.0,0.038714285714285715,1.0303867403314917,1.0,27.0,57.0,0.47368421052631576,1742.0,2081.0,3823.0,0.8370975492551658
158,tur,1.0,421.0,461.0,0.32799999999999996,0.913232104121475,1.0,12.0,26.0,0.46153846153846156,2544.0,3159.0,5703.0,0.805318138651472
164,usa,1.0,23235.0,26738.0,0.21757142857142855,0.8689879572144513,1.0,817.0,1273.0,0.6417910447761194,48807.0,65565.0,114372.0,0.7444063143445436
170,zaf,1.0,344.0,319.0,0.4175714285714286,1.078369905956113,1.0,20.0,24.0,0.8333333333333334,1053.0,1155.0,2208.0,0.9116883116883117
