,most_ctr,cohort,with_tw,withTW_female,withTW_male,gii,withTW_gender_ratio,self_pro,selfpro_female,selfpro_male,selfpro_gender_ratio,all_female,all_male,all_authors,all_gender_ratio
9,are,2012,1.0,7.0,10.0,0.161,0.7,,,,,17.0,41.0,58.0,0.4146341463414634
10,are,2013,1.0,8.0,13.0,0.154,0.6153846153846154,1.0,1.0,1.0,1.0,26.0,46.0,72.0,0.5652173913043478
11,are,2014,1.0,8.0,13.0,0.139,0.6153846153846154,1.0,,1.0,,20.0,42.0,62.0,0.47619047619047616
12,are,2015,1.0,9.0,7.0,0.114,1.2857142857142858,1.0,2.0,1.0,2.0,24.0,31.0,55.0,0.7741935483870968
13,are,2016,1.0,6.0,17.0,0.104,0.35294117647058826,,,,,32.0,54.0,86.0,0.5925925925925926
14,arg,2012,1.0,39.0,33.0,0.353,1.1818181818181819,1.0,,1.0,,199.0,184.0,383.0,1.0815217391304348
15,arg,2013,1.0,38.0,43.0,0.352,0.8837209302325582,1.0,1.0,,,212.0,181.0,393.0,1.171270718232044
16,arg,2014,1.0,53.0,26.0,0.347,2.0384615384615383,1.0,1.0,3.0,0.3333333333333333,155.0,136.0,291.0,1.1397058823529411
17,arg,2015,1.0,30.0,36.0,0.338,0.8333333333333334,1.0,2.0,2.0,1.0,111.0,111.0,222.0,1.0
18,arg,2016,1.0,52.0,43.0,0.333,1.2093023255813953,1.0,3.0,,,124.0,131.0,255.0,0.9465648854961832
25,aus,2012,1.0,464.0,437.0,0.131,1.0617848970251715,1.0,14.0,27.0,0.5185185185185185,1350.0,1523.0,2873.0,0.886408404464872
26,aus,2013,1.0,572.0,517.0,0.122,1.1063829787234043,1.0,29.0,40.0,0.725,1386.0,1567.0,2953.0,0.8844926611359285
27,aus,2014,1.0,598.0,580.0,0.116,1.0310344827586206,1.0,37.0,55.0,0.6727272727272727,1243.0,1418.0,2661.0,0.8765867418899859
28,aus,2015,1.0,625.0,527.0,0.109,1.1859582542694498,1.0,49.0,54.0,0.9074074074074074,1149.0,1255.0,2404.0,0.9155378486055777
29,aus,2016,1.0,590.0,514.0,0.101,1.1478599221789882,1.0,65.0,36.0,1.8055555555555556,1031.0,1124.0,2155.0,0.9172597864768683
30,aut,2012,1.0,49.0,79.0,0.094,0.620253164556962,1.0,3.0,5.0,0.6,186.0,325.0,511.0,0.5723076923076923
31,aut,2013,1.0,50.0,64.0,0.083,0.78125,1.0,2.0,1.0,2.0,167.0,282.0,449.0,0.5921985815602837
32,aut,2014,1.0,57.0,74.0,0.081,0.7702702702702703,1.0,1.0,2.0,0.5,160.0,234.0,394.0,0.6837606837606838
33,aut,2015,1.0,60.0,77.0,0.083,0.7792207792207793,1.0,4.0,3.0,1.3333333333333333,138.0,209.0,347.0,0.6602870813397129
34,aut,2016,1.0,54.0,71.0,0.081,0.7605633802816901,1.0,1.0,3.0,0.3333333333333333,114.0,174.0,288.0,0.6551724137931034
37,bel,2012,1.0,65.0,85.0,0.082,0.7647058823529411,1.0,2.0,6.0,0.3333333333333333,277.0,434.0,711.0,0.6382488479262672
38,bel,2013,1.0,89.0,100.0,0.073,0.89,1.0,5.0,10.0,0.5,242.0,387.0,629.0,0.6253229974160207
39,bel,2014,1.0,100.0,105.0,0.066,0.9523809523809523,1.0,2.0,5.0,0.4,227.0,339.0,566.0,0.6696165191740413
40,bel,2015,1.0,85.0,111.0,0.062,0.7657657657657657,1.0,5.0,6.0,0.8333333333333334,183.0,240.0,423.0,0.7625
41,bel,2016,1.0,100.0,122.0,0.058,0.819672131147541,1.0,5.0,8.0,0.625,174.0,242.0,416.0,0.71900826446281
50,bgd,2012,1.0,8.0,15.0,0.583,0.5333333333333333,1.0,,1.0,,46.0,125.0,171.0,0.368
51,bgd,2013,1.0,7.0,8.0,0.578,0.875,,,,,36.0,104.0,140.0,0.34615384615384615
52,bgd,2014,1.0,2.0,25.0,0.569,0.08,1.0,,3.0,,31.0,137.0,168.0,0.22627737226277372
53,bgd,2015,1.0,9.0,22.0,0.563,0.4090909090909091,1.0,,2.0,,35.0,115.0,150.0,0.30434782608695654
54,bgd,2016,1.0,4.0,29.0,0.557,0.13793103448275862,1.0,1.0,2.0,0.5,30.0,131.0,161.0,0.22900763358778625
75,bra,2012,1.0,473.0,279.0,0.441,1.6953405017921146,1.0,3.0,10.0,0.3,2504.0,2041.0,4545.0,1.2268495835374815
76,bra,2013,1.0,605.0,366.0,0.445,1.6530054644808743,1.0,2.0,13.0,0.15384615384615385,2552.0,2031.0,4583.0,1.256523879862137
77,bra,2014,1.0,495.0,351.0,0.441,1.4102564102564104,1.0,7.0,9.0,0.7777777777777778,1997.0,1664.0,3661.0,1.2001201923076923
78,bra,2015,1.0,428.0,363.0,0.436,1.1790633608815426,1.0,8.0,19.0,0.42105263157894735,1686.0,1555.0,3241.0,1.0842443729903537
79,bra,2016,1.0,460.0,368.0,0.432,1.25,1.0,9.0,24.0,0.375,1627.0,1437.0,3064.0,1.1322199025748085
94,can,2012,1.0,609.0,545.0,0.124,1.1174311926605505,1.0,18.0,23.0,0.782608695652174,1805.0,2199.0,4004.0,0.8208276489313324
95,can,2013,1.0,655.0,634.0,0.117,1.0331230283911672,1.0,25.0,41.0,0.6097560975609756,1578.0,2080.0,3658.0,0.7586538461538461
96,can,2014,1.0,625.0,658.0,0.113,0.9498480243161094,1.0,27.0,34.0,0.7941176470588235,1291.0,1761.0,3052.0,0.7331061896649631
97,can,2015,1.0,653.0,685.0,0.107,0.9532846715328467,1.0,40.0,49.0,0.8163265306122449,1219.0,1614.0,2833.0,0.7552664188351921
98,can,2016,1.0,631.0,628.0,0.102,1.0047770700636942,1.0,45.0,47.0,0.9574468085106383,1107.0,1373.0,2480.0,0.8062636562272396
99,che,2012,1.0,131.0,185.0,0.05,0.7081081081081081,1.0,4.0,4.0,1.0,432.0,632.0,1064.0,0.6835443037974683
100,che,2013,1.0,157.0,209.0,0.043,0.7511961722488039,1.0,3.0,8.0,0.375,433.0,609.0,1042.0,0.7110016420361248
101,che,2014,1.0,193.0,202.0,0.041,0.9554455445544554,1.0,6.0,8.0,0.75,407.0,513.0,920.0,0.7933723196881092
102,che,2015,1.0,169.0,196.0,0.038,0.8622448979591837,1.0,9.0,7.0,1.2857142857142858,303.0,472.0,775.0,0.6419491525423728
103,che,2016,1.0,151.0,241.0,0.038,0.6265560165975104,1.0,9.0,20.0,0.45,309.0,440.0,749.0,0.7022727272727273
104,chl,2012,1.0,20.0,33.0,0.327,0.6060606060606061,1.0,,1.0,,110.0,200.0,310.0,0.55
105,chl,2013,1.0,13.0,52.0,0.308,0.25,1.0,,4.0,,90.0,170.0,260.0,0.5294117647058824
106,chl,2014,1.0,20.0,43.0,0.291,0.46511627906976744,1.0,1.0,2.0,0.5,65.0,151.0,216.0,0.4304635761589404
107,chl,2015,1.0,26.0,44.0,0.287,0.5909090909090909,1.0,2.0,4.0,0.5,88.0,176.0,264.0,0.5
108,chl,2016,1.0,38.0,41.0,0.267,0.926829268292683,1.0,3.0,3.0,1.0,88.0,150.0,238.0,0.5866666666666667
109,chn,2012,1.0,812.0,1656.0,0.227,0.49033816425120774,1.0,2.0,4.0,0.5,7626.0,17920.0,25546.0,0.4255580357142857
110,chn,2013,1.0,1188.0,2469.0,0.217,0.48116646415552855,1.0,2.0,5.0,0.4,8790.0,20301.0,29091.0,0.4329835968671494
111,chn,2014,1.0,1708.0,3424.0,0.21,0.49883177570093457,1.0,2.0,10.0,0.2,9691.0,21599.0,31290.0,0.44867817954534933
112,chn,2015,1.0,2056.0,4128.0,0.202,0.49806201550387597,1.0,5.0,11.0,0.45454545454545453,9944.0,21737.0,31681.0,0.4574688319455307
113,chn,2016,1.0,2404.0,4674.0,0.192,0.5143346170303809,1.0,5.0,15.0,0.3333333333333333,10657.0,23196.0,33853.0,0.4594326608035868
128,col,2012,1.0,14.0,23.0,0.452,0.6086956521739131,1.0,,1.0,,84.0,123.0,207.0,0.6829268292682927
129,col,2013,1.0,19.0,30.0,0.449,0.6333333333333333,1.0,,1.0,,89.0,164.0,253.0,0.5426829268292683
130,col,2014,1.0,26.0,23.0,0.422,1.1304347826086956,1.0,,3.0,,97.0,143.0,240.0,0.6783216783216783
131,col,2015,1.0,13.0,45.0,0.417,0.28888888888888886,1.0,,4.0,,92.0,173.0,265.0,0.5317919075144508
132,col,2016,1.0,31.0,46.0,0.414,0.6739130434782609,1.0,1.0,5.0,0.2,106.0,192.0,298.0,0.5520833333333334
149,cze,2012,1.0,27.0,29.0,0.143,0.9310344827586207,1.0,,2.0,,164.0,201.0,365.0,0.8159203980099502
150,cze,2013,1.0,29.0,29.0,0.145,1.0,1.0,,1.0,,161.0,198.0,359.0,0.8131313131313131
151,cze,2014,1.0,52.0,45.0,0.146,1.1555555555555554,1.0,1.0,1.0,1.0,157.0,208.0,365.0,0.7548076923076923
152,cze,2015,1.0,47.0,49.0,0.14,0.9591836734693877,1.0,1.0,2.0,0.5,130.0,195.0,325.0,0.6666666666666666
153,cze,2016,1.0,41.0,53.0,0.139,0.7735849056603774,1.0,,4.0,,130.0,183.0,313.0,0.7103825136612022
154,deu,2012,1.0,514.0,663.0,0.085,0.77526395173454,1.0,3.0,24.0,0.125,1952.0,3088.0,5040.0,0.6321243523316062
155,deu,2013,1.0,551.0,698.0,0.077,0.7893982808022922,1.0,8.0,37.0,0.21621621621621623,1621.0,2543.0,4164.0,0.6374360990955564
156,deu,2014,1.0,576.0,746.0,0.077,0.7721179624664879,1.0,6.0,30.0,0.2,1436.0,2238.0,3674.0,0.6416443252904379
157,deu,2015,1.0,598.0,700.0,0.076,0.8542857142857143,1.0,14.0,31.0,0.45161290322580644,1281.0,1937.0,3218.0,0.66133195663397
158,deu,2016,1.0,555.0,719.0,0.083,0.7719054242002782,1.0,14.0,46.0,0.30434782608695654,1141.0,1818.0,2959.0,0.6276127612761276
161,dnk,2012,1.0,122.0,125.0,0.041,0.976,1.0,2.0,9.0,0.2222222222222222,375.0,433.0,808.0,0.8660508083140878
162,dnk,2013,1.0,150.0,123.0,0.039,1.2195121951219512,1.0,2.0,5.0,0.4,380.0,358.0,738.0,1.0614525139664805
163,dnk,2014,1.0,170.0,154.0,0.035,1.103896103896104,1.0,4.0,8.0,0.5,320.0,378.0,698.0,0.8465608465608465
164,dnk,2015,1.0,168.0,154.0,0.034,1.0909090909090908,1.0,9.0,18.0,0.5,298.0,324.0,622.0,0.9197530864197531
165,dnk,2016,1.0,156.0,152.0,0.033,1.0263157894736843,1.0,11.0,15.0,0.7333333333333333,260.0,285.0,545.0,0.9122807017543859
168,dza,2012,1.0,4.0,,0.407,,,,,,38.0,59.0,97.0,0.6440677966101694
169,dza,2013,1.0,2.0,1.0,0.403,2.0,,,,,32.0,49.0,81.0,0.6530612244897959
170,dza,2014,1.0,3.0,7.0,0.399,0.42857142857142855,1.0,1.0,1.0,1.0,32.0,66.0,98.0,0.48484848484848486
171,dza,2015,1.0,4.0,4.0,0.397,1.0,,,,,25.0,60.0,85.0,0.4166666666666667
172,dza,2016,1.0,2.0,4.0,0.392,0.5,1.0,,1.0,,25.0,59.0,84.0,0.423728813559322
178,egy,2012,1.0,25.0,34.0,0.566,0.7352941176470589,,,,,221.0,291.0,512.0,0.7594501718213058
179,egy,2013,1.0,29.0,43.0,0.558,0.6744186046511628,1.0,2.0,2.0,1.0,221.0,353.0,574.0,0.6260623229461756
180,egy,2014,1.0,41.0,44.0,0.548,0.9318181818181818,1.0,4.0,1.0,4.0,202.0,254.0,456.0,0.7952755905511811
181,egy,2015,1.0,33.0,52.0,0.542,0.6346153846153846,1.0,1.0,1.0,1.0,155.0,257.0,412.0,0.603112840466926
182,egy,2016,1.0,31.0,43.0,0.412,0.7209302325581395,1.0,,5.0,,146.0,250.0,396.0,0.584
183,esp,2012,1.0,305.0,320.0,0.089,0.953125,1.0,7.0,31.0,0.22580645161290322,1377.0,1497.0,2874.0,0.9198396793587175
184,esp,2013,1.0,374.0,379.0,0.083,0.9868073878627969,1.0,15.0,33.0,0.45454545454545453,1241.0,1373.0,2614.0,0.9038601602330663
185,esp,2014,1.0,379.0,349.0,0.079,1.0859598853868195,1.0,14.0,20.0,0.7,988.0,1144.0,2132.0,0.8636363636363636
186,esp,2015,1.0,330.0,357.0,0.074,0.9243697478991597,1.0,8.0,27.0,0.2962962962962963,822.0,961.0,1783.0,0.8553590010405827
187,esp,2016,1.0,382.0,349.0,0.07,1.0945558739255015,1.0,16.0,29.0,0.5517241379310345,886.0,940.0,1826.0,0.9425531914893617
188,est,2012,1.0,2.0,4.0,0.152,0.5,,,,,23.0,27.0,50.0,0.8518518518518519
194,eth,2013,1.0,7.0,18.0,0.572,0.3888888888888889,1.0,,2.0,,14.0,49.0,63.0,0.2857142857142857
195,eth,2014,1.0,3.0,29.0,0.565,0.10344827586206896,1.0,1.0,,,13.0,59.0,72.0,0.22033898305084745
196,eth,2015,1.0,5.0,16.0,0.533,0.3125,1.0,,1.0,,14.0,54.0,68.0,0.25925925925925924
197,eth,2016,1.0,4.0,21.0,0.524,0.19047619047619047,1.0,,1.0,,13.0,51.0,64.0,0.2549019607843137
198,fin,2012,1.0,60.0,48.0,0.065,1.25,1.0,,2.0,,223.0,267.0,490.0,0.8352059925093633
199,fin,2013,1.0,52.0,70.0,0.064,0.7428571428571429,1.0,2.0,8.0,0.25,163.0,228.0,391.0,0.7149122807017544
200,fin,2014,1.0,59.0,71.0,0.062,0.8309859154929577,1.0,2.0,5.0,0.4,145.0,213.0,358.0,0.6807511737089202
201,fin,2015,1.0,67.0,64.0,0.056,1.046875,1.0,7.0,3.0,2.3333333333333335,139.0,151.0,290.0,0.9205298013245033
202,fin,2016,1.0,63.0,64.0,0.05,0.984375,1.0,9.0,8.0,1.125,114.0,138.0,252.0,0.8260869565217391
206,fra,2012,1.0,303.0,344.0,0.11,0.8808139534883721,1.0,4.0,7.0,0.5714285714285714,1270.0,1714.0,2984.0,0.7409568261376897
207,fra,2013,1.0,357.0,415.0,0.106,0.8602409638554217,1.0,8.0,21.0,0.38095238095238093,1150.0,1581.0,2731.0,0.7273877292852625
208,fra,2014,1.0,351.0,413.0,0.101,0.8498789346246973,1.0,2.0,12.0,0.16666666666666666,999.0,1339.0,2338.0,0.7460791635548917
209,fra,2015,1.0,358.0,415.0,0.096,0.8626506024096385,1.0,15.0,15.0,1.0,880.0,1176.0,2056.0,0.7482993197278912
210,fra,2016,1.0,376.0,402.0,0.092,0.9353233830845771,1.0,7.0,26.0,0.2692307692307692,816.0,1069.0,1885.0,0.7633302151543498
215,gbr,2012,1.0,1177.0,1266.0,0.161,0.9296998420221169,1.0,85.0,142.0,0.5985915492957746,2994.0,3888.0,6882.0,0.7700617283950617
216,gbr,2013,1.0,1375.0,1459.0,0.151,0.9424263193968472,1.0,120.0,204.0,0.5882352941176471,2874.0,3719.0,6593.0,0.7727883839741866
217,gbr,2014,1.0,1392.0,1486.0,0.143,0.9367429340511441,1.0,175.0,201.0,0.8706467661691543,2469.0,3209.0,5678.0,0.7693985665316297
218,gbr,2015,1.0,1279.0,1451.0,0.129,0.881461061337009,1.0,175.0,214.0,0.8177570093457944,2120.0,2818.0,4938.0,0.752306600425834
219,gbr,2016,1.0,1295.0,1445.0,0.124,0.8961937716262975,1.0,216.0,254.0,0.8503937007874016,1954.0,2534.0,4488.0,0.771112865035517
225,gha,2012,1.0,5.0,9.0,0.57,0.5555555555555556,,,,,11.0,42.0,53.0,0.2619047619047619
237,grc,2012,1.0,37.0,39.0,0.127,0.9487179487179487,1.0,,2.0,,147.0,211.0,358.0,0.6966824644549763
238,grc,2013,1.0,34.0,27.0,0.123,1.2592592592592593,1.0,1.0,1.0,1.0,126.0,182.0,308.0,0.6923076923076923
239,grc,2014,1.0,28.0,37.0,0.121,0.7567567567567568,1.0,,2.0,,103.0,155.0,258.0,0.6645161290322581
240,grc,2015,1.0,33.0,41.0,0.125,0.8048780487804879,1.0,,2.0,,83.0,129.0,212.0,0.6434108527131783
241,grc,2016,1.0,32.0,40.0,0.129,0.8,1.0,1.0,4.0,0.25,83.0,130.0,213.0,0.6384615384615384
256,hkg,2012,1.0,43.0,68.0,,0.6323529411764706,1.0,1.0,2.0,0.5,201.0,438.0,639.0,0.4589041095890411
257,hkg,2013,1.0,76.0,92.0,,0.8260869565217391,1.0,2.0,3.0,0.6666666666666666,226.0,436.0,662.0,0.518348623853211
258,hkg,2014,1.0,63.0,130.0,,0.4846153846153846,1.0,,1.0,,211.0,441.0,652.0,0.47845804988662133
259,hkg,2015,1.0,76.0,133.0,,0.5714285714285714,1.0,2.0,3.0,0.6666666666666666,200.0,422.0,622.0,0.47393364928909953
260,hkg,2016,1.0,76.0,116.0,,0.6551724137931034,1.0,1.0,3.0,0.3333333333333333,193.0,368.0,561.0,0.5244565217391305
262,hrv,2012,1.0,4.0,3.0,0.129,1.3333333333333333,,,,,35.0,30.0,65.0,1.1666666666666667
263,hrv,2013,1.0,11.0,2.0,0.122,5.5,1.0,1.0,,,44.0,14.0,58.0,3.142857142857143
265,hrv,2015,1.0,3.0,5.0,0.143,0.6,,,,,34.0,32.0,66.0,1.0625
266,hrv,2016,1.0,12.0,5.0,0.158,2.4,,,,,35.0,28.0,63.0,1.25
270,hun,2012,1.0,24.0,29.0,0.258,0.8275862068965517,1.0,1.0,1.0,1.0,102.0,137.0,239.0,0.7445255474452555
271,hun,2013,1.0,28.0,32.0,0.265,0.875,1.0,1.0,2.0,0.5,116.0,165.0,281.0,0.703030303030303
272,hun,2014,1.0,21.0,41.0,0.261,0.5121951219512195,1.0,,2.0,,105.0,128.0,233.0,0.8203125
273,hun,2015,1.0,31.0,27.0,0.261,1.1481481481481481,1.0,,1.0,,100.0,115.0,215.0,0.8695652173913043
274,hun,2016,1.0,26.0,33.0,0.261,0.7878787878787878,1.0,1.0,,,94.0,101.0,195.0,0.9306930693069307
275,idn,2012,1.0,3.0,8.0,0.489,0.375,,,,,51.0,60.0,111.0,0.85
276,idn,2013,1.0,6.0,18.0,0.482,0.3333333333333333,1.0,,4.0,,70.0,98.0,168.0,0.7142857142857143
277,idn,2014,1.0,7.0,12.0,0.482,0.5833333333333334,1.0,1.0,1.0,1.0,90.0,96.0,186.0,0.9375
278,idn,2015,1.0,8.0,14.0,0.477,0.5714285714285714,1.0,1.0,1.0,1.0,95.0,153.0,248.0,0.6209150326797386
279,idn,2016,1.0,8.0,14.0,0.471,0.5714285714285714,1.0,1.0,2.0,0.5,125.0,175.0,300.0,0.7142857142857143
280,ind,2012,1.0,209.0,357.0,0.557,0.5854341736694678,1.0,3.0,13.0,0.23076923076923078,1432.0,2743.0,4175.0,0.5220561429092235
281,ind,2013,1.0,243.0,411.0,0.55,0.5912408759124088,1.0,5.0,20.0,0.25,1520.0,2709.0,4229.0,0.5610926541159099
282,ind,2014,1.0,299.0,481.0,0.528,0.6216216216216216,1.0,4.0,21.0,0.19047619047619047,1521.0,2663.0,4184.0,0.5711603454750281
283,ind,2015,1.0,318.0,501.0,0.496,0.6347305389221557,1.0,7.0,35.0,0.2,1448.0,2462.0,3910.0,0.5881397238017871
284,ind,2016,1.0,296.0,494.0,0.484,0.5991902834008097,1.0,10.0,36.0,0.2777777777777778,1435.0,2377.0,3812.0,0.6037021455616323
285,irl,2012,1.0,80.0,85.0,0.135,0.9411764705882353,1.0,2.0,5.0,0.4,265.0,296.0,561.0,0.8952702702702703
286,irl,2013,1.0,95.0,93.0,0.121,1.021505376344086,1.0,8.0,10.0,0.8,227.0,258.0,485.0,0.8798449612403101
287,irl,2014,1.0,112.0,107.0,0.116,1.0467289719626167,1.0,6.0,17.0,0.35294117647058826,217.0,250.0,467.0,0.868
288,irl,2015,1.0,94.0,96.0,0.111,0.9791666666666666,1.0,9.0,10.0,0.9,170.0,191.0,361.0,0.8900523560209425
289,irl,2016,1.0,106.0,99.0,0.093,1.0707070707070707,1.0,12.0,13.0,0.9230769230769231,161.0,183.0,344.0,0.8797814207650273
290,irn,2012,1.0,55.0,99.0,0.525,0.5555555555555556,1.0,,1.0,,582.0,1332.0,1914.0,0.4369369369369369
291,irn,2013,1.0,57.0,83.0,0.543,0.6867469879518072,1.0,,2.0,,563.0,1113.0,1676.0,0.5058400718778078
292,irn,2014,1.0,87.0,112.0,0.537,0.7767857142857143,1.0,,1.0,,572.0,1062.0,1634.0,0.5386064030131826
293,irn,2015,1.0,101.0,102.0,0.532,0.9901960784313726,1.0,,3.0,,544.0,960.0,1504.0,0.5666666666666667
294,irn,2016,1.0,103.0,116.0,0.47,0.8879310344827587,1.0,2.0,5.0,0.4,549.0,947.0,1496.0,0.5797254487856388
295,irq,2012,1.0,2.0,7.0,0.61,0.2857142857142857,,,,,13.0,52.0,65.0,0.25
296,irq,2013,1.0,2.0,9.0,0.601,0.2222222222222222,1.0,,1.0,,19.0,45.0,64.0,0.4222222222222222
297,irq,2014,1.0,1.0,7.0,0.587,0.14285714285714285,1.0,,2.0,,15.0,48.0,63.0,0.3125
298,irq,2015,1.0,1.0,8.0,0.578,0.125,1.0,,1.0,,20.0,52.0,72.0,0.38461538461538464
299,irq,2016,1.0,4.0,8.0,0.558,0.5,1.0,,1.0,,24.0,75.0,99.0,0.32
305,isr,2012,1.0,63.0,85.0,0.133,0.7411764705882353,1.0,1.0,4.0,0.25,209.0,328.0,537.0,0.6371951219512195
306,isr,2013,1.0,60.0,72.0,0.118,0.8333333333333334,1.0,,2.0,,165.0,239.0,404.0,0.6903765690376569
307,isr,2014,1.0,63.0,91.0,0.116,0.6923076923076923,1.0,2.0,6.0,0.3333333333333333,132.0,260.0,392.0,0.5076923076923077
308,isr,2015,1.0,56.0,104.0,0.103,0.5384615384615384,1.0,3.0,6.0,0.5,120.0,200.0,320.0,0.6
309,isr,2016,1.0,59.0,89.0,0.1,0.6629213483146067,1.0,1.0,4.0,0.25,105.0,186.0,291.0,0.5645161290322581
310,ita,2012,1.0,220.0,169.0,0.114,1.301775147928994,1.0,2.0,6.0,0.3333333333333333,921.0,900.0,1821.0,1.0233333333333334
311,ita,2013,1.0,227.0,197.0,0.085,1.1522842639593909,1.0,4.0,18.0,0.2222222222222222,802.0,863.0,1665.0,0.929316338354577
312,ita,2014,1.0,259.0,240.0,0.081,1.0791666666666666,1.0,4.0,14.0,0.2857142857142857,740.0,808.0,1548.0,0.9158415841584159
313,ita,2015,1.0,288.0,234.0,0.079,1.2307692307692308,1.0,16.0,23.0,0.6956521739130435,668.0,713.0,1381.0,0.9368863955119214
314,ita,2016,1.0,256.0,225.0,0.074,1.1377777777777778,1.0,11.0,14.0,0.7857142857142857,653.0,636.0,1289.0,1.0267295597484276
316,jor,2012,1.0,3.0,7.0,0.491,0.42857142857142855,,,,,17.0,38.0,55.0,0.4473684210526316
321,jpn,2012,1.0,294.0,756.0,0.126,0.3888888888888889,1.0,2.0,20.0,0.1,1436.0,4606.0,6042.0,0.3117672600955276
322,jpn,2013,1.0,287.0,910.0,0.128,0.3153846153846154,1.0,7.0,24.0,0.2916666666666667,1165.0,3934.0,5099.0,0.29613624809354344
323,jpn,2014,1.0,371.0,1037.0,0.126,0.35776277724204436,1.0,6.0,26.0,0.23076923076923078,1135.0,3600.0,4735.0,0.31527777777777777
324,jpn,2015,1.0,339.0,973.0,0.118,0.3484069886947585,1.0,5.0,23.0,0.21739130434782608,943.0,3026.0,3969.0,0.31163251817580967
325,jpn,2016,1.0,350.0,961.0,0.104,0.36420395421436,1.0,6.0,22.0,0.2727272727272727,909.0,2688.0,3597.0,0.33816964285714285
328,kaz,2015,1.0,1.0,3.0,0.217,0.3333333333333333,,,,,36.0,23.0,59.0,1.565217391304348
329,kaz,2016,1.0,1.0,3.0,0.212,0.3333333333333333,,,,,28.0,28.0,56.0,1.0
338,kor,2012,1.0,239.0,409.0,0.074,0.5843520782396088,1.0,1.0,2.0,0.5,1643.0,3244.0,4887.0,0.5064734895191122
339,kor,2013,1.0,320.0,428.0,0.073,0.7476635514018691,1.0,1.0,4.0,0.25,1753.0,3098.0,4851.0,0.565848934796643
340,kor,2014,1.0,447.0,715.0,0.07,0.6251748251748251,1.0,1.0,2.0,0.5,1740.0,3496.0,5236.0,0.4977116704805492
341,kor,2015,1.0,437.0,718.0,0.067,0.6086350974930362,1.0,,3.0,,1574.0,3058.0,4632.0,0.5147155003270111
342,kor,2016,1.0,381.0,624.0,0.061,0.6105769230769231,1.0,,8.0,,1383.0,2555.0,3938.0,0.5412915851272015
348,lbn,2012,1.0,10.0,5.0,0.434,2.0,,,,,35.0,35.0,70.0,1.0
349,lbn,2013,1.0,6.0,5.0,0.432,1.2,1.0,,1.0,,33.0,39.0,72.0,0.8461538461538461
350,lbn,2014,1.0,15.0,20.0,0.428,0.75,,,,,41.0,48.0,89.0,0.8541666666666666
351,lbn,2015,1.0,5.0,18.0,0.424,0.2777777777777778,1.0,,1.0,,31.0,34.0,65.0,0.9117647058823529
352,lbn,2016,1.0,10.0,15.0,0.421,0.6666666666666666,,,,,36.0,39.0,75.0,0.9230769230769231
380,mar,2012,1.0,5.0,4.0,0.512,1.25,1.0,1.0,,,27.0,36.0,63.0,0.75
381,mar,2013,1.0,3.0,7.0,0.502,0.42857142857142855,,,,,29.0,49.0,78.0,0.5918367346938775
382,mar,2014,1.0,4.0,10.0,0.495,0.4,,,,,28.0,51.0,79.0,0.5490196078431373
383,mar,2015,1.0,4.0,2.0,0.469,2.0,,,,,24.0,48.0,72.0,0.5
384,mar,2016,1.0,3.0,3.0,0.453,1.0,,,,,23.0,59.0,82.0,0.3898305084745763
388,mex,2012,1.0,62.0,87.0,0.391,0.7126436781609196,1.0,,5.0,,328.0,528.0,856.0,0.6212121212121212
389,mex,2013,1.0,76.0,88.0,0.39,0.8636363636363636,1.0,,2.0,,304.0,471.0,775.0,0.6454352441613588
390,mex,2014,1.0,69.0,78.0,0.388,0.8846153846153846,1.0,2.0,6.0,0.3333333333333333,243.0,361.0,604.0,0.6731301939058172
391,mex,2015,1.0,62.0,91.0,0.379,0.6813186813186813,1.0,1.0,4.0,0.25,185.0,325.0,510.0,0.5692307692307692
392,mex,2016,1.0,65.0,85.0,0.37,0.7647058823529411,1.0,1.0,3.0,0.3333333333333333,201.0,314.0,515.0,0.6401273885350318
423,mys,2012,1.0,51.0,55.0,0.253,0.9272727272727272,1.0,,3.0,,334.0,556.0,890.0,0.6007194244604317
424,mys,2013,1.0,53.0,69.0,0.246,0.7681159420289855,1.0,2.0,4.0,0.5,444.0,696.0,1140.0,0.6379310344827587
425,mys,2014,1.0,59.0,90.0,0.236,0.6555555555555556,1.0,1.0,4.0,0.25,388.0,628.0,1016.0,0.6178343949044586
426,mys,2015,1.0,71.0,68.0,0.233,1.0441176470588236,1.0,3.0,4.0,0.75,419.0,568.0,987.0,0.7376760563380281
427,mys,2016,1.0,53.0,76.0,0.224,0.6973684210526315,1.0,1.0,8.0,0.125,316.0,425.0,741.0,0.7435294117647059
433,nga,2012,1.0,7.0,16.0,0.676,0.4375,,,,,30.0,95.0,125.0,0.3157894736842105
434,nga,2013,1.0,7.0,10.0,0.677,0.7,,,,,40.0,76.0,116.0,0.5263157894736842
435,nga,2014,1.0,8.0,9.0,0.677,0.8888888888888888,1.0,,2.0,,33.0,86.0,119.0,0.38372093023255816
436,nga,2015,1.0,4.0,19.0,0.681,0.21052631578947367,1.0,,1.0,,29.0,88.0,117.0,0.32954545454545453
437,nga,2016,1.0,6.0,13.0,0.679,0.46153846153846156,1.0,,3.0,,27.0,77.0,104.0,0.35064935064935066
440,nld,2012,1.0,361.0,254.0,0.046,1.421259842519685,1.0,7.0,15.0,0.4666666666666667,868.0,825.0,1693.0,1.052121212121212
441,nld,2013,1.0,403.0,279.0,0.041,1.4444444444444444,1.0,16.0,16.0,1.0,779.0,765.0,1544.0,1.0183006535947712
442,nld,2014,1.0,332.0,271.0,0.038,1.2250922509225093,1.0,11.0,20.0,0.55,605.0,637.0,1242.0,0.9497645211930926
443,nld,2015,1.0,294.0,266.0,0.034,1.105263157894737,1.0,12.0,18.0,0.6666666666666666,478.0,545.0,1023.0,0.8770642201834863
444,nld,2016,1.0,284.0,251.0,0.031,1.1314741035856575,1.0,14.0,21.0,0.6666666666666666,450.0,513.0,963.0,0.8771929824561403
445,nor,2012,1.0,93.0,75.0,0.054,1.24,1.0,4.0,7.0,0.5714285714285714,276.0,259.0,535.0,1.0656370656370657
446,nor,2013,1.0,87.0,83.0,0.049,1.0481927710843373,1.0,4.0,5.0,0.8,213.0,259.0,472.0,0.8223938223938224
447,nor,2014,1.0,98.0,78.0,0.045,1.2564102564102564,1.0,5.0,10.0,0.5,195.0,211.0,406.0,0.9241706161137441
448,nor,2015,1.0,93.0,72.0,0.04,1.2916666666666667,1.0,7.0,2.0,3.5,160.0,171.0,331.0,0.935672514619883
449,nor,2016,1.0,68.0,68.0,0.034,1.0,1.0,,2.0,,145.0,160.0,305.0,0.90625
455,nzl,2012,1.0,83.0,71.0,0.155,1.1690140845070423,1.0,3.0,4.0,0.75,246.0,255.0,501.0,0.9647058823529412
456,nzl,2013,1.0,64.0,65.0,0.145,0.9846153846153847,1.0,4.0,1.0,4.0,173.0,230.0,403.0,0.7521739130434782
457,nzl,2014,1.0,68.0,75.0,0.141,0.9066666666666666,1.0,4.0,7.0,0.5714285714285714,176.0,193.0,369.0,0.9119170984455959
458,nzl,2015,1.0,68.0,78.0,0.136,0.8717948717948718,1.0,6.0,6.0,1.0,155.0,188.0,343.0,0.824468085106383
459,nzl,2016,1.0,69.0,77.0,0.126,0.8961038961038961,1.0,5.0,9.0,0.5555555555555556,127.0,169.0,296.0,0.7514792899408284
465,pak,2012,1.0,11.0,39.0,0.583,0.28205128205128205,1.0,,3.0,,108.0,280.0,388.0,0.38571428571428573
466,pak,2013,1.0,15.0,31.0,0.576,0.4838709677419355,1.0,,3.0,,128.0,319.0,447.0,0.4012539184952978
467,pak,2014,1.0,20.0,49.0,0.572,0.40816326530612246,1.0,,2.0,,141.0,291.0,432.0,0.4845360824742268
468,pak,2015,1.0,35.0,61.0,0.563,0.5737704918032787,1.0,,3.0,,148.0,299.0,447.0,0.49498327759197325
469,pak,2016,1.0,36.0,70.0,0.563,0.5142857142857142,1.0,1.0,6.0,0.16666666666666666,157.0,364.0,521.0,0.43131868131868134
479,per,2016,1.0,5.0,4.0,0.37,1.25,,,,,21.0,31.0,52.0,0.6774193548387096
482,phl,2014,1.0,6.0,9.0,0.407,0.6666666666666666,,,,,24.0,30.0,54.0,0.8
487,pol,2012,1.0,44.0,40.0,0.151,1.1,1.0,,3.0,,336.0,394.0,730.0,0.8527918781725888
488,pol,2013,1.0,55.0,38.0,0.149,1.4473684210526316,1.0,1.0,2.0,0.5,294.0,327.0,621.0,0.8990825688073395
489,pol,2014,1.0,70.0,51.0,0.144,1.3725490196078431,1.0,,3.0,,319.0,292.0,611.0,1.0924657534246576
490,pol,2015,1.0,61.0,49.0,0.133,1.2448979591836735,1.0,,2.0,,291.0,277.0,568.0,1.0505415162454874
491,pol,2016,1.0,61.0,37.0,0.131,1.6486486486486487,1.0,2.0,2.0,1.0,266.0,208.0,474.0,1.2788461538461537
499,prt,2012,1.0,76.0,67.0,0.114,1.1343283582089552,1.0,,4.0,,429.0,358.0,787.0,1.1983240223463687
500,prt,2013,1.0,125.0,72.0,0.099,1.7361111111111112,1.0,,1.0,,489.0,327.0,816.0,1.4954128440366972
501,prt,2014,1.0,111.0,73.0,0.091,1.5205479452054795,1.0,1.0,4.0,0.25,387.0,330.0,717.0,1.1727272727272726
502,prt,2015,1.0,132.0,77.0,0.083,1.7142857142857142,1.0,2.0,4.0,0.5,347.0,275.0,622.0,1.2618181818181817
503,prt,2016,1.0,117.0,70.0,0.081,1.6714285714285715,1.0,2.0,12.0,0.16666666666666666,311.0,209.0,520.0,1.4880382775119618
519,rou,2012,1.0,8.0,7.0,0.305,1.1428571428571428,,,,,63.0,66.0,129.0,0.9545454545454546
520,rou,2013,1.0,5.0,8.0,0.297,0.625,1.0,,2.0,,65.0,50.0,115.0,1.3
521,rou,2014,1.0,10.0,2.0,0.293,5.0,,,,,74.0,48.0,122.0,1.5416666666666667
522,rou,2015,1.0,13.0,7.0,0.29,1.8571428571428572,,,,,54.0,36.0,90.0,1.5
523,rou,2016,1.0,9.0,9.0,0.297,1.0,,,,,39.0,33.0,72.0,1.1818181818181819
524,rus,2012,1.0,17.0,30.0,0.242,0.5666666666666667,1.0,,2.0,,257.0,479.0,736.0,0.5365344467640919
525,rus,2013,1.0,20.0,42.0,0.23,0.47619047619047616,1.0,,2.0,,421.0,635.0,1056.0,0.662992125984252
526,rus,2014,1.0,42.0,45.0,0.221,0.9333333333333333,1.0,1.0,3.0,0.3333333333333333,427.0,627.0,1054.0,0.6810207336523126
527,rus,2015,1.0,55.0,49.0,0.206,1.1224489795918366,1.0,,1.0,,559.0,689.0,1248.0,0.8113207547169812
528,rus,2016,1.0,42.0,44.0,0.196,0.9545454545454546,1.0,1.0,2.0,0.5,444.0,581.0,1025.0,0.7641996557659209
534,sau,2012,1.0,10.0,39.0,0.749,0.2564102564102564,1.0,,2.0,,52.0,194.0,246.0,0.26804123711340205
535,sau,2013,1.0,21.0,43.0,0.309,0.4883720930232558,1.0,1.0,2.0,0.5,66.0,209.0,275.0,0.3157894736842105
536,sau,2014,1.0,16.0,45.0,0.308,0.35555555555555557,1.0,3.0,7.0,0.42857142857142855,51.0,186.0,237.0,0.27419354838709675
537,sau,2015,1.0,17.0,41.0,0.301,0.4146341463414634,1.0,,6.0,,62.0,198.0,260.0,0.31313131313131315
538,sau,2016,1.0,24.0,53.0,0.297,0.4528301886792453,1.0,1.0,4.0,0.25,59.0,201.0,260.0,0.2935323383084577
549,sgp,2012,1.0,16.0,29.0,0.068,0.5517241379310345,1.0,,2.0,,97.0,212.0,309.0,0.45754716981132076
550,sgp,2013,1.0,24.0,62.0,0.06,0.3870967741935484,1.0,,2.0,,80.0,252.0,332.0,0.31746031746031744
551,sgp,2014,1.0,23.0,50.0,0.054,0.46,1.0,1.0,6.0,0.16666666666666666,85.0,184.0,269.0,0.46195652173913043
552,sgp,2015,1.0,27.0,51.0,0.05,0.5294117647058824,1.0,2.0,2.0,1.0,83.0,150.0,233.0,0.5533333333333333
553,sgp,2016,1.0,29.0,39.0,0.048,0.7435897435897436,1.0,1.0,4.0,0.25,57.0,127.0,184.0,0.44881889763779526
558,srb,2012,1.0,10.0,6.0,0.175,1.6666666666666667,1.0,,1.0,,80.0,94.0,174.0,0.851063829787234
559,srb,2013,1.0,12.0,6.0,0.165,2.0,,,,,100.0,64.0,164.0,1.5625
560,srb,2014,1.0,10.0,3.0,0.16,3.3333333333333335,,,,,72.0,49.0,121.0,1.469387755102041
561,srb,2015,1.0,11.0,9.0,0.155,1.2222222222222223,1.0,1.0,,,56.0,46.0,102.0,1.2173913043478262
562,srb,2016,1.0,9.0,6.0,0.145,1.5,1.0,,1.0,,55.0,36.0,91.0,1.5277777777777777
564,svk,2012,1.0,2.0,3.0,0.189,0.6666666666666666,,,,,48.0,44.0,92.0,1.0909090909090908
565,svk,2013,1.0,6.0,8.0,0.189,0.75,,,,,56.0,53.0,109.0,1.0566037735849056
566,svk,2014,1.0,10.0,5.0,0.191,2.0,,,,,55.0,64.0,119.0,0.859375
567,svk,2015,1.0,10.0,1.0,0.191,10.0,,,,,34.0,44.0,78.0,0.7727272727272727
568,svk,2016,1.0,7.0,8.0,0.192,0.875,1.0,1.0,,,37.0,49.0,86.0,0.7551020408163265
569,svn,2012,1.0,2.0,2.0,0.07,1.0,,,,,39.0,38.0,77.0,1.0263157894736843
570,svn,2013,1.0,7.0,8.0,0.07,0.875,1.0,,2.0,,38.0,38.0,76.0,1.0
571,svn,2014,1.0,12.0,7.0,0.066,1.7142857142857142,1.0,,1.0,,39.0,25.0,64.0,1.56
572,svn,2015,1.0,9.0,8.0,0.062,1.125,,,,,28.0,26.0,54.0,1.0769230769230769
574,swe,2012,1.0,155.0,145.0,0.047,1.0689655172413792,1.0,2.0,12.0,0.16666666666666666,490.0,580.0,1070.0,0.8448275862068966
575,swe,2013,1.0,181.0,143.0,0.045,1.2657342657342658,1.0,5.0,9.0,0.5555555555555556,434.0,452.0,886.0,0.9601769911504425
576,swe,2014,1.0,137.0,139.0,0.042,0.9856115107913669,1.0,8.0,8.0,1.0,301.0,399.0,700.0,0.7543859649122807
577,swe,2015,1.0,140.0,156.0,0.038,0.8974358974358975,1.0,2.0,13.0,0.15384615384615385,266.0,361.0,627.0,0.7368421052631579
578,swe,2016,1.0,133.0,141.0,0.036,0.9432624113475178,1.0,10.0,15.0,0.6666666666666666,251.0,289.0,540.0,0.8685121107266436
587,tha,2012,1.0,9.0,9.0,0.354,1.0,,,,,78.0,80.0,158.0,0.975
588,tha,2013,1.0,11.0,3.0,0.352,3.6666666666666665,,,,,44.0,41.0,85.0,1.0731707317073171
589,tha,2014,1.0,10.0,11.0,0.408,0.9090909090909091,1.0,1.0,,,38.0,47.0,85.0,0.8085106382978723
590,tha,2015,1.0,8.0,7.0,0.403,1.1428571428571428,1.0,,2.0,,40.0,48.0,88.0,0.8333333333333334
591,tha,2016,1.0,7.0,6.0,0.394,1.1666666666666667,,,,,34.0,50.0,84.0,0.68
595,tun,2012,1.0,5.0,4.0,0.278,1.25,,,,,90.0,81.0,171.0,1.1111111111111112
596,tun,2013,1.0,13.0,7.0,0.28,1.8571428571428572,,,,,103.0,72.0,175.0,1.4305555555555556
597,tun,2014,1.0,16.0,9.0,0.28,1.7777777777777777,,,,,95.0,79.0,174.0,1.2025316455696202
598,tun,2015,1.0,18.0,9.0,0.265,2.0,,,,,105.0,69.0,174.0,1.5217391304347827
599,tun,2016,1.0,19.0,10.0,0.252,1.9,1.0,,1.0,,111.0,83.0,194.0,1.3373493975903614
600,tur,2012,1.0,56.0,81.0,0.362,0.691358024691358,1.0,,3.0,,578.0,770.0,1348.0,0.7506493506493507
601,tur,2013,1.0,93.0,95.0,0.348,0.9789473684210527,1.0,2.0,4.0,0.5,563.0,697.0,1260.0,0.8077474892395983
602,tur,2014,1.0,94.0,106.0,0.344,0.8867924528301887,1.0,3.0,3.0,1.0,491.0,604.0,1095.0,0.8129139072847682
603,tur,2015,1.0,82.0,96.0,0.332,0.8541666666666666,1.0,4.0,10.0,0.4,472.0,563.0,1035.0,0.8383658969804618
604,tur,2016,1.0,96.0,83.0,0.324,1.1566265060240963,1.0,3.0,6.0,0.5,440.0,525.0,965.0,0.8380952380952381
605,twn,2012,1.0,50.0,86.0,,0.5813953488372093,1.0,1.0,,,315.0,576.0,891.0,0.546875
606,twn,2013,1.0,71.0,86.0,,0.8255813953488372,,,,,328.0,520.0,848.0,0.6307692307692307
607,twn,2014,1.0,79.0,108.0,,0.7314814814814815,1.0,1.0,,,271.0,457.0,728.0,0.5929978118161926
608,twn,2015,1.0,82.0,104.0,,0.7884615384615384,,,,,252.0,368.0,620.0,0.6847826086956522
609,twn,2016,1.0,66.0,90.0,,0.7333333333333333,,,,,211.0,334.0,545.0,0.6317365269461078
620,ukr,2012,1.0,2.0,6.0,,0.3333333333333333,,,,,42.0,82.0,124.0,0.5121951219512195
621,ukr,2013,1.0,5.0,6.0,,0.8333333333333334,,,,,59.0,80.0,139.0,0.7375
622,ukr,2014,1.0,9.0,6.0,,1.5,,,,,62.0,81.0,143.0,0.7654320987654321
623,ukr,2015,1.0,3.0,7.0,,0.42857142857142855,,,,,57.0,77.0,134.0,0.7402597402597403
624,ukr,2016,1.0,3.0,8.0,,0.375,,,,,81.0,144.0,225.0,0.5625
630,usa,2012,1.0,4294.0,4621.0,0.235,0.9292360960830989,1.0,87.0,145.0,0.6,11569.0,15423.0,26992.0,0.7501134669000843
631,usa,2013,1.0,4752.0,5510.0,0.231,0.8624319419237749,1.0,118.0,214.0,0.5514018691588785,10901.0,14956.0,25857.0,0.728871355977534
632,usa,2014,1.0,4703.0,5581.0,0.221,0.8426805232037269,1.0,161.0,267.0,0.602996254681648,9580.0,12976.0,22556.0,0.7382860665844636
633,usa,2015,1.0,4728.0,5574.0,0.217,0.8482238966630786,1.0,196.0,329.0,0.5957446808510638,8685.0,11595.0,20280.0,0.7490297542043984
634,usa,2016,1.0,4758.0,5452.0,0.214,0.8727072633895818,1.0,255.0,318.0,0.8018867924528302,8072.0,10615.0,18687.0,0.7604333490343853
645,vnm,2012,1.0,5.0,14.0,0.34,0.35714285714285715,1.0,,1.0,,25.0,90.0,115.0,0.2777777777777778
646,vnm,2013,1.0,3.0,15.0,0.341,0.2,,,,,31.0,99.0,130.0,0.31313131313131315
647,vnm,2014,1.0,9.0,16.0,0.341,0.5625,1.0,,2.0,,39.0,105.0,144.0,0.37142857142857144
648,vnm,2015,1.0,16.0,19.0,0.339,0.8421052631578947,1.0,2.0,1.0,2.0,47.0,103.0,150.0,0.4563106796116505
649,vnm,2016,1.0,16.0,11.0,0.327,1.4545454545454546,1.0,1.0,,,44.0,117.0,161.0,0.37606837606837606
653,zaf,2012,1.0,61.0,50.0,0.429,1.22,,,,,272.0,265.0,537.0,1.0264150943396226
654,zaf,2013,1.0,81.0,82.0,0.428,0.9878048780487805,1.0,8.0,3.0,2.6666666666666665,240.0,287.0,527.0,0.8362369337979094
655,zaf,2014,1.0,79.0,67.0,0.429,1.1791044776119404,1.0,6.0,6.0,1.0,226.0,244.0,470.0,0.9262295081967213
656,zaf,2015,1.0,63.0,64.0,0.425,0.984375,1.0,2.0,8.0,0.25,158.0,184.0,342.0,0.8586956521739131
657,zaf,2016,1.0,60.0,56.0,0.411,1.0714285714285714,1.0,4.0,7.0,0.5714285714285714,157.0,175.0,332.0,0.8971428571428571
