,general_threshold,chinese_threshold,gender_ratio
0,0.5,0.5,0.6997564981029504
1,0.5,0.6,0.7095688504613242
2,0.5,0.7,0.7144450314022421
3,0.5,0.8,0.7156384167499853
4,0.5,0.9,0.7157312625014708
5,0.5,1.0,0.7157312625014708
6,0.6,0.5,0.5998502012920138
7,0.6,0.6,0.5998502012920138
8,0.6,0.7,0.6039791567977262
9,0.6,0.8,0.6055508031555936
10,0.6,0.9,0.6056485355648535
11,0.6,1.0,0.6056485355648535
12,0.7,0.5,0.5975501113585746
13,0.7,0.6,0.5975501113585746
14,0.7,0.7,0.5975501113585746
15,0.7,0.8,0.5990392134956988
16,0.7,0.9,0.5991504583053879
17,0.7,1.0,0.5991504583053879
18,0.8,0.5,0.605427974947808
19,0.8,0.6,0.605427974947808
20,0.8,0.7,0.605427974947808
21,0.8,0.8,0.605427974947808
22,0.8,0.9,0.6055541902187269
23,0.8,1.0,0.6055541902187269
24,0.9,0.5,0.6134639260587668
25,0.9,0.6,0.6134639260587668
26,0.9,0.7,0.6134639260587668
27,0.9,0.8,0.6134639260587668
28,0.9,0.9,0.6134639260587668
29,0.9,1.0,0.6134639260587668
30,1.0,0.5,0.6271689854619353
31,1.0,0.6,0.6271689854619353
32,1.0,0.7,0.6271689854619353
33,1.0,0.8,0.6271689854619353
34,1.0,0.9,0.6271689854619353
35,1.0,1.0,0.6271689854619353
